date,home_team,away_team,home_score,away_score,period,detail,home_outcome,away_outcome
2022-10-01,Miami (OH) RedHawks,Ferris State Bulldogs,2,2,4,Final/OT,T,T
2022-10-01,UMass Lowell  River Hawks,St. Lawrence Saints,4,0,3,Final,RW,RL
2022-10-01,Northern Michigan Wildcats,Bowling Green Falcons,4,6,3,Final,RL,RW
2022-10-01,Boston University Terriers,Bentley Falcons,8,2,3,Final,RW,RL
2022-10-01,Union Dutchmen,Rochester Tigers,4,3,3,Final,RW,RL
2022-10-01,Mercyhurst Lakers,Ohio State Buckeyes,2,4,3,Final,RL,RW
2022-10-01,St. Thomas - Minnesota Tommies,St. Cloud State Huskies,1,3,3,Final,RL,RW
2022-10-01,Minnesota Duluth Bulldogs,Arizona State Sun Devils,3,2,4,Final/OT,OW,OL
2022-10-01,Vermont Catamounts,UConn Huskies,1,4,3,Final,RL,RW
2022-10-01,Northeastern Huskies,Long Island University Long Island University,3,2,4,Final/OT,OW,OL
2022-10-02,Minnesota Golden Gophers,Lindenwood Lions,4,0,3,Final,RW,RL
2022-10-02,Alaska Anchorage Seawolves,Western Michigan Bulldogs,3,1,3,Final,RW,RL
2022-10-02,Alaska Bulldogs,American International Yellow Jackets,1,1,4,Final/OT,T,T
2022-10-02,Miami (OH) RedHawks,Ferris State Bulldogs,4,1,3,Final,RW,RL
2022-10-02,Army Black Knights,Union Dutchmen,2,2,4,Final/OT,T,T
2022-10-02,Mercyhurst Lakers,Ohio State Buckeyes,1,4,3,Final,RL,RW
2022-10-02,Vermont Catamounts,UConn Huskies,1,3,3,Final,RL,RW
2022-10-02,St. Cloud State Huskies,St. Thomas - Minnesota Tommies,4,0,3,Final,RW,RL
2022-10-02,Minnesota Duluth Bulldogs,Arizona State Sun Devils,4,1,3,Final,RW,RL
2022-10-02,Northern Michigan Wildcats,Bowling Green Falcons,4,3,4,Final/OT,OW,OL
2022-10-03,Minnesota Golden Gophers,Lindenwood Lions,6,4,3,Final,RW,RL
2022-10-03,Alaska Bulldogs,American International Yellow Jackets,2,1,3,Final,RW,RL
2022-10-03,Alaska Anchorage Seawolves,Western Michigan Bulldogs,1,4,3,Final,RL,RW
2022-10-07,Penn State Nittany Lions,Canisius Golden Griffins,5,2,3,Final,RW,RL
2022-10-07,Providence Friars,Sacred Heart Pioneers,6,1,3,Final,RW,RL
2022-10-07,Rensselaer Engineers,Mercyhurst Lakers,6,3,3,Final,RW,RL
2022-10-07,Boston College Eagles,Quinnipiac Bobcats,0,4,3,Final,RL,RW
2022-10-07,Clarkson Golden Knights,New Hampshire Wildcats,3,4,4,Final/OT,OL,OW
2022-10-07,Colgate Raiders,Northern Michigan Wildcats,2,3,3,Final,RL,RW
2022-10-07,St. Lawrence Saints,Merrimack Warriors,3,1,3,Final,RW,RL
2022-10-07,Michigan State Spartans,Bowling Green Falcons,1,3,3,Final,RL,RW
2022-10-07,Michigan Wolverines,Lindenwood Lions,7,4,3,Final,RW,RL
2022-10-07,Ohio State Buckeyes,Wisconsin Badgers,3,1,3,Final,RW,RL
2022-10-07,Rochester Tigers,Army Black Knights,3,2,3,Final,RW,RL
2022-10-07,UConn Huskies,Union Dutchmen,4,1,3,Final,RW,RL
2022-10-07,Ferris State Bulldogs,Michigan Tech Huskies,2,1,3,Final,RW,RL
2022-10-07,UMass Lowell  River Hawks,Miami (OH) RedHawks,1,3,3,Final,RL,RW
2022-10-07,Northeastern Huskies,Vermont Catamounts,5,2,3,Final,RW,RL
2022-10-08,Minnesota Golden Gophers,Minnesota State Mavericks,4,1,3,Final,RW,RL
2022-10-08,North Dakota Fighting Hawks,Holy Cross Crusaders,6,0,3,Final,RW,RL
2022-10-08,Omaha Mavericks,Niagara Purple Eagles,3,4,3,Final,RL,RW
2022-10-08,St. Thomas - Minnesota Tommies,Alaska Bulldogs,2,4,3,Final,RL,RW
2022-10-08,Bemidji State Beavers,Arizona State Sun Devils,0,3,3,Final,RL,RW
2022-10-08,Denver Pioneers,Notre Dame Fighting Irish,5,2,3,Final,RW,RL
2022-10-08,Air Force Falcons,Maine Black Bears,1,4,3,Final,RL,RW
2022-10-08,Colorado College Tigers,Alaska Anchorage Seawolves,6,2,3,Final,RW,RL
2022-10-08,Colgate Raiders,Northern Michigan Wildcats,1,4,3,Final,RL,RW
2022-10-08,UConn Huskies,Union Dutchmen,4,3,4,Final/OT,OW,OL
2022-10-08,Ohio State Buckeyes,Wisconsin Badgers,4,3,3,Final,RW,RL
2022-10-08,Stonehill Stonehill,Long Island University Long Island University,1,7,3,Final,RL,RW
2022-10-08,Rochester Tigers,Army Black Knights,4,1,3,Final,RW,RL
2022-10-08,Penn State Nittany Lions,Canisius Golden Griffins,7,5,3,Final,RW,RL
2022-10-08,UMass Lowell  River Hawks,Miami (OH) RedHawks,4,2,3,Final,RW,RL
2022-10-08,North Dakota Fighting Hawks,Holy Cross Crusaders,4,1,3,Final,RW,RL
2022-10-08,Rensselaer Engineers,Mercyhurst Lakers,3,2,4,Final/OT,OW,OL
2022-10-08,Clarkson Golden Knights,Merrimack Warriors,2,3,3,Final,RL,RW
2022-10-08,St. Lawrence Saints,New Hampshire Wildcats,1,4,3,Final,RL,RW
2022-10-08,Michigan Wolverines,Lindenwood Lions,3,1,3,Final,RW,RL
2022-10-08,Northeastern Huskies,Vermont Catamounts,5,0,3,Final,RW,RL
2022-10-08,American International Yellow Jackets,Massachusetts Minutemen,2,2,4,Final/OT,T,T
2022-10-08,Minnesota Golden Gophers,Minnesota State Mavericks,2,3,3,Final,RL,RW
2022-10-08,St. Thomas - Minnesota Tommies,Alaska Bulldogs,3,2,4,Final/OT,OW,OL
2022-10-08,Bemidji State Beavers,Arizona State Sun Devils,5,4,4,Final/OT,OW,OL
2022-10-08,Bowling Green Falcons,Michigan State Spartans,1,2,3,Final,RL,RW
2022-10-08,Ferris State Bulldogs,Western Michigan Bulldogs,4,6,3,Final,RL,RW
2022-10-09,Air Force Falcons,Notre Dame Fighting Irish,5,5,4,Final/OT,T,T
2022-10-09,Colorado College Tigers,Alaska Anchorage Seawolves,4,1,3,Final,RW,RL
2022-10-09,Denver Pioneers,Maine Black Bears,3,1,3,Final,RW,RL
2022-10-09,Omaha Mavericks,Niagara Purple Eagles,3,4,3,Final,RL,RW
2022-10-09,Quinnipiac Bobcats,Long Island University Long Island University,2,2,4,Final/OT,T,T
2022-10-13,Penn State Nittany Lions,Mercyhurst Lakers,6,3,3,Final,RW,RL
2022-10-13,Union Dutchmen,Bentley Falcons,5,1,3,Final,RW,RL
2022-10-13,Holy Cross Crusaders,Sacred Heart Pioneers,2,3,3,Final,RL,RW
2022-10-13,Providence Friars,Clarkson Golden Knights,5,2,3,Final,RW,RL
2022-10-13,Western Michigan Bulldogs,Bowling Green Falcons,4,1,3,Final,RW,RL
2022-10-13,Michigan State Spartans,UMass Lowell  River Hawks,4,3,3,Final,RW,RL
2022-10-14,Alaska Bulldogs,Michigan Tech Huskies,0,2,3,Final,RL,RW
2022-10-14,Holy Cross Crusaders,Sacred Heart Pioneers,1,5,3,Final,RL,RW
2022-10-14,Mercyhurst Lakers,Penn State Nittany Lions,1,4,3,Final,RL,RW
2022-10-14,Niagara Purple Eagles,American International Yellow Jackets,3,6,3,Final,RL,RW
2022-10-14,St. Lawrence Saints,Colorado College Tigers,5,1,3,Final,RW,RL
2022-10-14,Rensselaer Engineers,Long Island University Long Island University,1,0,3,Final,RW,RL
2022-10-14,Massachusetts Minutemen,Denver Pioneers,4,2,3,Final,RW,RL
2022-10-14,Michigan Wolverines,Boston University Terriers,9,2,3,Final,RW,RL
2022-10-14,UConn Huskies,Ohio State Buckeyes,0,0,4,Final/OT,T,T
2022-10-14,Ferris State Bulldogs,Canisius Golden Griffins,3,5,3,Final,RL,RW
2022-10-14,Bowling Green Falcons,Western Michigan Bulldogs,2,8,3,Final,RL,RW
2022-10-14,Lake Superior State Lakers,Omaha Mavericks,1,3,3,Final,RL,RW
2022-10-14,Notre Dame Fighting Irish,Northern Michigan Wildcats,3,1,3,Final,RW,RL
2022-10-14,Michigan State Spartans,UMass Lowell  River Hawks,2,3,3,Final,RL,RW
2022-10-15,North Dakota Fighting Hawks,Quinnipiac Bobcats,5,5,4,Final/OT,T,T
2022-10-15,Wisconsin Badgers,St. Cloud State Huskies,1,5,3,Final,RL,RW
2022-10-15,Minnesota State Mavericks,Minnesota Duluth Bulldogs,6,0,3,Final,RW,RL
2022-10-15,Lindenwood Lions,Air Force Falcons,7,6,3,Final,RW,RL
2022-10-15,Arizona State Sun Devils,Colgate Raiders,2,0,3,Final,RW,RL
2022-10-15,Alaska Bulldogs,Michigan Tech Huskies,2,6,3,Final,RL,RW
2022-10-15,Lindenwood Lions,Air Force Falcons,3,5,3,Final,RL,RW
2022-10-15,UConn Huskies,Ohio State Buckeyes,6,1,3,Final,RW,RL
2022-10-15,Bentley Falcons,Maine Black Bears,5,1,3,Final,RW,RL
2022-10-15,Niagara Purple Eagles,American International Yellow Jackets,2,5,3,Final,RL,RW
2022-10-15,Lake Superior State Lakers,Omaha Mavericks,4,4,4,Final/OT,T,T
2022-10-15,Rensselaer Engineers,Army Black Knights,7,4,3,Final,RW,RL
2022-10-15,St. Lawrence Saints,Colorado College Tigers,4,1,3,Final,RW,RL
2022-10-15,New Hampshire Wildcats,Boston College Eagles,2,4,3,Final,RL,RW
2022-10-15,Rochester Tigers,Union Dutchmen,8,5,3,Final,RW,RL
2022-10-15,Ferris State Bulldogs,Canisius Golden Griffins,4,1,3,Final,RW,RL
2022-10-15,North Dakota Fighting Hawks,Quinnipiac Bobcats,2,6,3,Final,RL,RW
2022-10-15,Minnesota State Mavericks,Minnesota Duluth Bulldogs,2,1,3,Final,RW,RL
2022-10-15,Massachusetts Minutemen,Denver Pioneers,3,0,3,Final,RW,RL
2022-10-15,Northeastern Huskies,Providence Friars,1,2,3,Final,RL,RW
2022-10-16,Wisconsin Badgers,St. Cloud State Huskies,1,2,3,Final,RL,RW
2022-10-16,Arizona State Sun Devils,Colgate Raiders,0,4,3,Final,RL,RW
2022-10-16,Notre Dame Fighting Irish,Northern Michigan Wildcats,5,4,3,Final,RW,RL
2022-10-16,Michigan Wolverines,Boston University Terriers,2,3,3,Final,RL,RW
2022-10-18,American International Yellow Jackets,Holy Cross Crusaders,3,7,3,Final,RL,RW
2022-10-18,Canisius Golden Griffins,Rensselaer Engineers,3,2,3,Final,RW,RL
2022-10-18,Merrimack Warriors,New Hampshire Wildcats,6,1,3,Final,RW,RL
2022-10-18,Northeastern Huskies,Boston College Eagles,3,3,4,Final/OT,T,T
2022-10-20,Ohio State Buckeyes,Bentley Falcons,9,2,3,Final,RW,RL
2022-10-20,Penn State Nittany Lions,St. Thomas - Minnesota Tommies,6,2,3,Final,RW,RL
2022-10-21,Air Force Falcons,Rochester Tigers,3,2,3,Final,RW,RL
2022-10-21,Ohio State Buckeyes,Bentley Falcons,3,1,3,Final,RW,RL
2022-10-21,Clarkson Golden Knights,Mercyhurst Lakers,1,2,4,Final/OT,OL,OW
2022-10-21,New Hampshire Wildcats,Army Black Knights,3,1,3,Final,RW,RL
2022-10-21,Canisius Golden Griffins,Miami (OH) RedHawks,3,5,3,Final,RL,RW
2022-10-21,Niagara Purple Eagles,Sacred Heart Pioneers,6,4,3,Final,RW,RL
2022-10-21,Merrimack Warriors,Colgate Raiders,5,0,3,Final,RW,RL
2022-10-21,Massachusetts Minutemen,Union Dutchmen,7,1,3,Final,RW,RL
2022-10-21,Penn State Nittany Lions,St. Thomas - Minnesota Tommies,3,2,4,Final/OT,OW,OL
2022-10-21,Notre Dame Fighting Irish,Western Michigan Bulldogs,2,0,3,Final,RW,RL
2022-10-21,Michigan State Spartans,Long Island University Long Island University,3,1,3,Final,RW,RL
2022-10-21,Boston University Terriers,UConn Huskies,3,4,4,Final/OT,OL,OW
2022-10-21,Northern Michigan Wildcats,Alaska Anchorage Seawolves,9,1,3,Final,RW,RL
2022-10-21,Lake Superior State Lakers,Michigan Wolverines,2,5,3,Final,RL,RW
2022-10-21,Michigan Tech Huskies,Bemidji State Beavers,2,5,3,Final,RL,RW
2022-10-22,Minnesota Golden Gophers,North Dakota Fighting Hawks,3,2,4,Final/OT,OW,OL
2022-10-22,Minnesota Duluth Bulldogs,Wisconsin Badgers,2,5,3,Final,RL,RW
2022-10-22,Omaha Mavericks,Alaska Bulldogs,2,3,4,Final/OT,OL,OW
2022-10-22,St. Cloud State Huskies,Minnesota State Mavericks,3,2,3,Final,RW,RL
2022-10-22,Arizona State Sun Devils,Colorado College Tigers,5,3,3,Final,RW,RL
2022-10-22,Denver Pioneers,Providence Friars,4,1,3,Final,RW,RL
2022-10-22,Air Force Falcons,Rochester Tigers,2,4,3,Final,RL,RW
2022-10-22,Stonehill Stonehill,New England College New England College,2,1,4,Final/OT,OW,OL
2022-10-22,Canisius Golden Griffins,Miami (OH) RedHawks,0,2,3,Final,RL,RW
2022-10-22,Niagara Purple Eagles,Sacred Heart Pioneers,1,5,3,Final,RL,RW
2022-10-22,Western Michigan Bulldogs,Notre Dame Fighting Irish,4,0,3,Final,RW,RL
2022-10-22,Michigan State Spartans,Long Island University Long Island University,8,4,3,Final,RW,RL
2022-10-22,Lake Superior State Lakers,Michigan Wolverines,1,5,3,Final,RL,RW
2022-10-22,Northern Michigan Wildcats,Alaska Anchorage Seawolves,1,3,3,Final,RL,RW
2022-10-22,Michigan Tech Huskies,Bemidji State Beavers,2,2,4,Final/OT,T,T
2022-10-22,Vermont Catamounts,Holy Cross Crusaders,6,0,3,Final,RW,RL
2022-10-22,Maine Black Bears,Quinnipiac Bobcats,4,0,3,Final,RW,RL
2022-10-22,Massachusetts Minutemen,Union Dutchmen,7,0,3,Final,RW,RL
2022-10-22,Merrimack Warriors,Colgate Raiders,3,5,3,Final,RL,RW
2022-10-22,St. Cloud State Huskies,Minnesota State Mavericks,4,3,3,Final,RW,RL
2022-10-22,Minnesota Duluth Bulldogs,Wisconsin Badgers,0,3,3,Final,RL,RW
2022-10-22,Boston University Terriers,UConn Huskies,5,2,3,Final,RW,RL
2022-10-22,Northeastern Huskies,UMass Lowell  River Hawks,2,3,3,Final,RL,RW
2022-10-22,American International Yellow Jackets,Lindenwood Lions,5,0,3,Final,RW,RL
2022-10-22,Clarkson Golden Knights,Mercyhurst Lakers,5,1,3,Final,RW,RL
2022-10-23,Minnesota Golden Gophers,North Dakota Fighting Hawks,4,5,4,Final/OT,OL,OW
2022-10-23,Denver Pioneers,Providence Friars,4,1,3,Final,RW,RL
2022-10-23,Arizona State Sun Devils,Colorado College Tigers,6,1,3,Final,RW,RL
2022-10-23,Boston College Eagles,New Hampshire Wildcats,5,0,3,Final,RW,RL
2022-10-23,Omaha Mavericks,Alaska Bulldogs,3,2,4,Final/OT,OW,OL
2022-10-23,American International Yellow Jackets,Lindenwood Lions,5,3,3,Final,RW,RL
2022-10-23,Maine Black Bears,Quinnipiac Bobcats,2,6,3,Final,RL,RW
2022-10-25,New England College New England College,Stonehill Stonehill,0,7,3,Final,RL,RW
2022-10-27,UConn Huskies,Boston College Eagles,5,1,3,Final,RW,RL
2022-10-28,Ohio State Buckeyes,Minnesota Golden Gophers,6,4,3,Final,RW,RL
2022-10-28,Army Black Knights,American International Yellow Jackets,2,8,3,Final,RL,RW
2022-10-28,Sacred Heart Pioneers,Canisius Golden Griffins,6,3,3,Final,RW,RL
2022-10-28,Niagara Purple Eagles,Mercyhurst Lakers,4,4,4,Final/OT,T,T
2022-10-28,Colgate Raiders,Vermont Catamounts,1,2,3,Final,RL,RW
2022-10-28,Rensselaer Engineers,Union Dutchmen,2,1,3,Final,RW,RL
2022-10-28,Harvard Crimson,Dartmouth Big Green,5,2,3,Final,RW,RL
2022-10-28,Michigan Wolverines,Western Michigan Bulldogs,5,4,3,Final,RW,RL
2022-10-28,Maine Black Bears,Northeastern Huskies,2,2,4,Final/OT,T,T
2022-10-28,Massachusetts Minutemen,Merrimack Warriors,3,2,4,Final/OT,OW,OL
2022-10-28,New Hampshire Wildcats,Providence Friars,2,2,4,Final/OT,T,T
2022-10-28,Bentley Falcons,Lindenwood Lions,3,7,3,Final,RL,RW
2022-10-28,Rochester Tigers,Holy Cross Crusaders,5,2,3,Final,RW,RL
2022-10-28,Miami (OH) RedHawks,Denver Pioneers,0,4,3,Final,RL,RW
2022-10-28,Lake Superior State Lakers,Clarkson Golden Knights,3,4,4,Final/OT,OL,OW
2022-10-28,Michigan Tech Huskies,St. Lawrence Saints,6,0,3,Final,RW,RL
2022-10-28,Northern Michigan Wildcats,Alaska Bulldogs,1,2,3,Final,RL,RW
2022-10-28,Ferris State Bulldogs,St. Thomas - Minnesota Tommies,3,2,4,Final/OT,OW,OL
2022-10-28,UMass Lowell  River Hawks,Boston University Terriers,2,1,3,Final,RW,RL
2022-10-28,Notre Dame Fighting Irish,Michigan State Spartans,5,0,3,Final,RW,RL
2022-10-28,Long Island University Long Island University,Omaha Mavericks,1,2,3,Final,RL,RW
2022-10-29,Minnesota Duluth Bulldogs,Cornell Big Red,3,2,3,Final,RW,RL
2022-10-29,Wisconsin Badgers,Penn State Nittany Lions,1,2,3,Final,RL,RW
2022-10-29,Bemidji State Beavers,St. Cloud State Huskies,3,1,3,Final,RW,RL
2022-10-29,Minnesota State Mavericks,Bowling Green Falcons,3,2,4,Final/OT,OW,OL
2022-10-29,Colorado College Tigers,Air Force Falcons,8,0,3,Final,RW,RL
2022-10-29,Sacred Heart Pioneers,Canisius Golden Griffins,3,1,3,Final,RW,RL
2022-10-29,Colgate Raiders,Vermont Catamounts,1,1,4,Final/OT,T,T
2022-10-29,Bentley Falcons,Lindenwood Lions,3,1,3,Final,RW,RL
2022-10-29,Rochester Tigers,Holy Cross Crusaders,3,2,4,Final/OT,OW,OL
2022-10-29,Ohio State Buckeyes,Minnesota Golden Gophers,2,4,3,Final,RL,RW
2022-10-29,UMass Dartmouth UMass Dartmouth,Stonehill Stonehill,1,3,3,Final,RL,RW
2022-10-29,Miami (OH) RedHawks,Denver Pioneers,2,4,3,Final,RL,RW
2022-10-29,Western Michigan Bulldogs,Michigan Wolverines,5,6,4,Final/OT,OL,OW
2022-10-29,Notre Dame Fighting Irish,Michigan State Spartans,1,1,4,Final/OT,T,T
2022-10-29,Michigan Tech Huskies,St. Lawrence Saints,3,0,3,Final,RW,RL
2022-10-29,Lake Superior State Lakers,Clarkson Golden Knights,5,1,3,Final,RW,RL
2022-10-29,Northern Michigan Wildcats,Alaska Bulldogs,3,2,3,Final,RW,RL
2022-10-29,Ferris State Bulldogs,St. Thomas - Minnesota Tommies,2,5,3,Final,RL,RW
2022-10-29,Union Dutchmen,Rensselaer Engineers,6,0,3,Final,RW,RL
2022-10-29,Yale Bulldogs,Brown Bears,2,0,3,Final,RW,RL
2022-10-29,Long Island University Long Island University,Omaha Mavericks,1,7,3,Final,RL,RW
2022-10-29,Boston University Terriers,UMass Lowell  River Hawks,2,1,4,Final/OT,OW,OL
2022-10-29,Merrimack Warriors,Massachusetts Minutemen,2,1,4,Final/OT,OW,OL
2022-10-29,Providence Friars,New Hampshire Wildcats,3,1,3,Final,RW,RL
2022-10-29,Mercyhurst Lakers,Niagara Purple Eagles,2,3,3,Final,RL,RW
2022-10-29,Maine Black Bears,Northeastern Huskies,1,4,3,Final,RL,RW
2022-10-29,Minnesota State Mavericks,Bowling Green Falcons,4,2,3,Final,RW,RL
2022-10-29,St. Cloud State Huskies,Bemidji State Beavers,4,1,3,Final,RW,RL
2022-10-30,Minnesota Duluth Bulldogs,Cornell Big Red,4,2,3,Final,RW,RL
2022-10-30,Harvard Crimson,Princeton Tigers,4,2,3,Final,RW,RL
2022-10-30,Wisconsin Badgers,Penn State Nittany Lions,0,4,3,Final,RL,RW
2022-10-30,Air Force Falcons,Colorado College Tigers,6,3,3,Final,RW,RL
2022-10-30,North Dakota Fighting Hawks,Arizona State Sun Devils,2,3,3,Final,RL,RW
2022-10-30,Army Black Knights,Dartmouth Big Green,8,3,3,Final,RW,RL
2022-10-30,Brown Bears,Yale Bulldogs,2,1,3,Final,RW,RL
2022-11-03,Merrimack Warriors,Boston College Eagles,3,1,3,Final,RW,RL
2022-11-04,Canisius Golden Griffins,Holy Cross Crusaders,1,3,3,Final,RL,RW
2022-11-04,Army Black Knights,Lindenwood Lions,1,2,3,Final,RL,RW
2022-11-04,Mercyhurst Lakers,Sacred Heart Pioneers,3,6,3,Final,RL,RW
2022-11-04,Dartmouth Big Green,Yale Bulldogs,6,0,3,Final,RW,RL
2022-11-04,Harvard Crimson,Brown Bears,5,2,3,Final,RW,RL
2022-11-04,Clarkson Golden Knights,Union Dutchmen,2,3,3,Final,RL,RW
2022-11-04,Princeton Tigers,Cornell Big Red,1,3,3,Final,RL,RW
2022-11-04,St. Lawrence Saints,Rensselaer Engineers,3,2,3,Final,RW,RL
2022-11-04,Quinnipiac Bobcats,Colgate Raiders,3,2,3,Final,RW,RL
2022-11-04,Western Michigan Bulldogs,Miami (OH) RedHawks,7,1,3,Final,RW,RL
2022-11-04,Michigan State Spartans,Wisconsin Badgers,5,0,3,Final,RW,RL
2022-11-04,Providence Friars,Massachusetts Minutemen,7,4,3,Final,RW,RL
2022-11-04,Northeastern Huskies,New Hampshire Wildcats,6,2,3,Final,RW,RL
2022-11-04,Bentley Falcons,Niagara Purple Eagles,0,6,3,Final,RL,RW
2022-11-04,UConn Huskies,Maine Black Bears,3,2,4,Final/OT,OW,OL
2022-11-04,Lake Superior State Lakers,Northern Michigan Wildcats,1,4,3,Final,RL,RW
2022-11-04,Bowling Green Falcons,Michigan Tech Huskies,2,3,3,Final,RL,RW
2022-11-04,UMass Lowell  River Hawks,Vermont Catamounts,4,0,3,Final,RW,RL
2022-11-05,Penn State Nittany Lions,Michigan Wolverines,3,0,3,Final,RW,RL
2022-11-05,Minnesota Golden Gophers,Notre Dame Fighting Irish,4,1,3,Final,RW,RL
2022-11-05,Bemidji State Beavers,Ferris State Bulldogs,2,2,4,Final/OT,T,T
2022-11-05,St. Thomas - Minnesota Tommies,Minnesota State Mavericks,2,7,3,Final,RL,RW
2022-11-05,Omaha Mavericks,North Dakota Fighting Hawks,1,4,3,Final,RL,RW
2022-11-05,Denver Pioneers,St. Cloud State Huskies,3,4,4,Final/OT,OL,OW
2022-11-05,Air Force Falcons,Alaska Anchorage Seawolves,5,3,3,Final,RW,RL
2022-11-05,Colorado College Tigers,Minnesota Duluth Bulldogs,5,0,3,Final,RW,RL
2022-11-05,Boston College Eagles,Merrimack Warriors,2,5,3,Final,RL,RW
2022-11-05,American International Yellow Jackets,Rochester Tigers,3,4,3,Final,RL,RW
2022-11-05,Army Black Knights,Lindenwood Lions,3,5,3,Final,RL,RW
2022-11-05,Canisius Golden Griffins,Holy Cross Crusaders,2,2,4,Final/OT,T,T
2022-11-05,Mercyhurst Lakers,Sacred Heart Pioneers,3,3,4,Final/OT,T,T
2022-11-05,UConn Huskies,Maine Black Bears,3,2,3,Final,RW,RL
2022-11-05,Dartmouth Big Green,Brown Bears,2,2,4,Final/OT,T,T
2022-11-05,Bentley Falcons,Niagara Purple Eagles,2,4,3,Final,RL,RW
2022-11-05,Western Michigan Bulldogs,Miami (OH) RedHawks,5,2,3,Final,RW,RL
2022-11-05,Michigan State Spartans,Wisconsin Badgers,5,1,3,Final,RW,RL
2022-11-05,UMass Lowell  River Hawks,Vermont Catamounts,2,0,3,Final,RW,RL
2022-11-05,Lake Superior State Lakers,Northern Michigan Wildcats,3,5,3,Final,RL,RW
2022-11-05,Harvard Crimson,Yale Bulldogs,4,0,3,Final,RW,RL
2022-11-05,Princeton Tigers,Colgate Raiders,3,4,4,Final/OT,OL,OW
2022-11-05,Clarkson Golden Knights,Rensselaer Engineers,3,0,3,Final,RW,RL
2022-11-05,Quinnipiac Bobcats,Cornell Big Red,2,0,3,Final,RW,RL
2022-11-05,Massachusetts Minutemen,Providence Friars,3,4,4,Final/OT,OL,OW
2022-11-05,New Hampshire Wildcats,Northeastern Huskies,0,3,3,Final,RL,RW
2022-11-05,Air Force Falcons,Alaska Anchorage Seawolves,3,1,3,Final,RW,RL
2022-11-05,Bemidji State Beavers,Ferris State Bulldogs,2,1,4,Final/OT,OW,OL
2022-11-05,Minnesota State Mavericks,St. Thomas - Minnesota Tommies,4,3,3,Final,RW,RL
2022-11-05,Bowling Green Falcons,Michigan Tech Huskies,6,1,3,Final,RW,RL
2022-11-05,St. Lawrence Saints,Union Dutchmen,4,2,3,Final,RW,RL
2022-11-05,Penn State Nittany Lions,Michigan Wolverines,3,4,4,Final/OT,OL,OW
2022-11-06,Denver Pioneers,St. Cloud State Huskies,3,2,3,Final,RW,RL
2022-11-06,Colorado College Tigers,Minnesota Duluth Bulldogs,1,3,3,Final,RL,RW
2022-11-06,Minnesota Golden Gophers,Notre Dame Fighting Irish,3,0,3,Final,RW,RL
2022-11-06,Omaha Mavericks,North Dakota Fighting Hawks,3,3,4,Final/OT,T,T
2022-11-06,American International Yellow Jackets,Rochester Tigers,2,3,3,Final,RL,RW
2022-11-11,Michigan State Spartans,Ohio State Buckeyes,4,2,3,Final,RW,RL
2022-11-11,Minnesota Golden Gophers,Penn State Nittany Lions,2,4,3,Final,RL,RW
2022-11-11,Merrimack Warriors,Maine Black Bears,1,0,3,Final,RW,RL
2022-11-11,Anna Maria College Anna Maria College,Stonehill Stonehill,2,5,3,Final,RL,RW
2022-11-12,Canisius Golden Griffins,American International Yellow Jackets,5,2,3,Final,RW,RL
2022-11-12,Rochester Tigers,Sacred Heart Pioneers,3,1,3,Final,RW,RL
2022-11-12,Brown Bears,Quinnipiac Bobcats,3,4,3,Final,RL,RW
2022-11-12,Union Dutchmen,Dartmouth Big Green,4,1,3,Final,RW,RL
2022-11-12,Clarkson Golden Knights,Colgate Raiders,4,0,3,Final,RW,RL
2022-11-12,Rensselaer Engineers,Harvard Crimson,2,3,4,Final/OT,OL,OW
2022-11-12,St. Lawrence Saints,Cornell Big Red,1,5,3,Final,RL,RW
2022-11-12,Yale Bulldogs,Princeton Tigers,0,3,3,Final,RL,RW
2022-11-12,Michigan State Spartans,Ohio State Buckeyes,4,3,3,Final,RW,RL
2022-11-12,Northeastern Huskies,Boston College Eagles,4,4,4,Final/OT,T,T
2022-11-12,Massachusetts Minutemen,Boston University Terriers,2,7,3,Final,RL,RW
2022-11-12,Providence Friars,UConn Huskies,1,1,4,Final/OT,T,T
2022-11-12,Vermont Catamounts,New Hampshire Wildcats,2,1,4,Final/OT,OW,OL
2022-11-12,Miami (OH) RedHawks,Colorado College Tigers,1,1,4,Final/OT,T,T
2022-11-12,Northern Michigan Wildcats,Bemidji State Beavers,2,0,3,Final,RW,RL
2022-11-12,Michigan Tech Huskies,Lake Superior State Lakers,2,2,4,Final/OT,T,T
2022-11-12,Bowling Green Falcons,St. Thomas - Minnesota Tommies,3,2,3,Final,RW,RL
2022-11-12,Notre Dame Fighting Irish,Michigan Wolverines,1,5,3,Final,RL,RW
2022-11-12,Minnesota Duluth Bulldogs,Omaha Mavericks,2,3,3,Final,RL,RW
2022-11-12,Minnesota Golden Gophers,Penn State Nittany Lions,3,1,3,Final,RW,RL
2022-11-12,Wisconsin Badgers,Long Island University Long Island University,3,2,3,Final,RW,RL
2022-11-12,North Dakota Fighting Hawks,Denver Pioneers,2,3,3,Final,RL,RW
2022-11-12,St. Cloud State Huskies,Western Michigan Bulldogs,2,4,3,Final,RL,RW
2022-11-12,Arizona State Sun Devils,Alaska Anchorage Seawolves,5,2,3,Final,RW,RL
2022-11-12,Air Force Falcons,Bentley Falcons,1,5,3,Final,RL,RW
2022-11-12,Canisius Golden Griffins,American International Yellow Jackets,3,2,3,Final,RW,RL
2022-11-12,UConn Huskies,Providence Friars,6,6,4,Final/OT,T,T
2022-11-12,Rochester Tigers,Sacred Heart Pioneers,3,1,3,Final,RW,RL
2022-11-12,Miami (OH) RedHawks,Colorado College Tigers,1,2,3,Final,RL,RW
2022-11-12,Notre Dame Fighting Irish,Michigan Wolverines,3,2,4,Final/OT,OW,OL
2022-11-12,Northern Michigan Wildcats,Bemidji State Beavers,1,4,3,Final,RL,RW
2022-11-12,Michigan Tech Huskies,Lake Superior State Lakers,2,0,3,Final,RW,RL
2022-11-13,Brown Bears,Princeton Tigers,0,1,3,Final,RL,RW
2022-11-13,St. Lawrence Saints,Colgate Raiders,1,4,3,Final,RL,RW
2022-11-13,Rensselaer Engineers,Dartmouth Big Green,2,1,3,Final,RW,RL
2022-11-13,Clarkson Golden Knights,Cornell Big Red,4,1,3,Final,RW,RL
2022-11-13,Yale Bulldogs,Quinnipiac Bobcats,0,4,3,Final,RL,RW
2022-11-13,Union Dutchmen,Harvard Crimson,1,5,3,Final,RL,RW
2022-11-13,St. Cloud State Huskies,Western Michigan Bulldogs,4,1,3,Final,RW,RL
2022-11-13,Minnesota Duluth Bulldogs,Omaha Mavericks,3,2,4,Final/OT,OW,OL
2022-11-13,Boston College Eagles,Northeastern Huskies,3,2,3,Final,RW,RL
2022-11-13,Boston University Terriers,Massachusetts Minutemen,5,1,3,Final,RW,RL
2022-11-13,Merrimack Warriors,Maine Black Bears,5,3,3,Final,RW,RL
2022-11-13,Vermont Catamounts,New Hampshire Wildcats,2,1,3,Final,RW,RL
2022-11-13,Arizona State Sun Devils,Alaska Anchorage Seawolves,3,0,3,Final,RW,RL
2022-11-13,Bowling Green Falcons,St. Thomas - Minnesota Tommies,3,2,3,Final,RW,RL
2022-11-13,North Dakota Fighting Hawks,Denver Pioneers,3,6,3,Final,RL,RW
2022-11-13,Wisconsin Badgers,Long Island University Long Island University,4,3,4,Final/OT,OW,OL
2022-11-13,Air Force Falcons,Bentley Falcons,2,0,3,Final,RW,RL
2022-11-16,American International Yellow Jackets,Holy Cross Crusaders,4,1,3,Final,RW,RL
2022-11-16,New Hampshire Wildcats,Harvard Crimson,1,3,3,Final,RL,RW
2022-11-16,Boston College Eagles,UMass Lowell  River Hawks,3,2,3,Final,RW,RL
2022-11-17,Michigan Wolverines,Minnesota Golden Gophers,2,5,3,Final,RL,RW
2022-11-18,Sacred Heart Pioneers,Merrimack Warriors,0,3,3,Final,RL,RW
2022-11-18,Holy Cross Crusaders,Mercyhurst Lakers,1,3,3,Final,RL,RW
2022-11-18,Michigan Wolverines,Minnesota Golden Gophers,3,6,3,Final,RL,RW
2022-11-19,Army Black Knights,Bentley Falcons,2,0,3,Final,RW,RL
2022-11-19,Princeton Tigers,Quinnipiac Bobcats,1,4,3,Final,RL,RW
2022-11-19,Clarkson Golden Knights,Arizona State Sun Devils,2,1,3,Final,RW,RL
2022-11-19,Colgate Raiders,Brown Bears,3,2,4,Final/OT,OW,OL
2022-11-19,Rensselaer Engineers,Alaska Bulldogs,1,3,3,Final,RL,RW
2022-11-19,Cornell Big Red,Yale Bulldogs,5,2,3,Final,RW,RL
2022-11-19,Western Michigan Bulldogs,Minnesota Duluth Bulldogs,4,5,3,Final,RL,RW
2022-11-19,Penn State Nittany Lions,Michigan State Spartans,4,3,3,Final,RW,RL
2022-11-19,Ohio State Buckeyes,Notre Dame Fighting Irish,5,2,3,Final,RW,RL
2022-11-19,Boston University Terriers,Northeastern Huskies,0,2,3,Final,RL,RW
2022-11-19,New Hampshire Wildcats,Massachusetts Minutemen,2,4,3,Final,RL,RW
2022-11-19,Providence Friars,Vermont Catamounts,4,0,3,Final,RW,RL
2022-11-19,Ferris State Bulldogs,Bowling Green Falcons,0,6,3,Final,RL,RW
2022-11-19,Minnesota State Mavericks,Northern Michigan Wildcats,2,3,4,Final/OT,OL,OW
2022-11-19,UMass Lowell  River Hawks,UConn Huskies,3,2,4,Final/OT,OW,OL
2022-11-19,Wisconsin Badgers,Lindenwood Lions,4,3,3,Final,RW,RL
2022-11-19,St. Thomas - Minnesota Tommies,Michigan Tech Huskies,2,6,3,Final,RL,RW
2022-11-19,North Dakota Fighting Hawks,Miami (OH) RedHawks,7,1,3,Final,RW,RL
2022-11-19,Colorado College Tigers,St. Cloud State Huskies,1,3,3,Final,RL,RW
2022-11-19,American International Yellow Jackets,Air Force Falcons,3,3,4,Final/OT,T,T
2022-11-19,Holy Cross Crusaders,Mercyhurst Lakers,1,4,3,Final,RL,RW
2022-11-19,Post University Eagles,Stonehill Stonehill,2,5,3,Final,RL,RW
2022-11-19,UConn Huskies,UMass Lowell  River Hawks,4,2,3,Final,RW,RL
2022-11-19,Ohio State Buckeyes,Notre Dame Fighting Irish,0,1,3,Final,RL,RW
2022-11-19,Western Michigan Bulldogs,Minnesota Duluth Bulldogs,5,3,3,Final,RW,RL
2022-11-19,Assumption Falcons,Long Island University Long Island University,1,5,3,Final,RL,RW
2022-11-20,Army Black Knights,Bentley Falcons,5,2,3,Final,RW,RL
2022-11-20,Cornell Big Red,Brown Bears,5,1,3,Final,RW,RL
2022-11-20,Quinnipiac Bobcats,Princeton Tigers,4,1,3,Final,RW,RL
2022-11-20,Rensselaer Engineers,Alaska Bulldogs,3,3,5,Final/SO,T,T
2022-11-20,Colgate Raiders,Yale Bulldogs,8,1,3,Final,RW,RL
2022-11-20,Clarkson Golden Knights,Arizona State Sun Devils,5,3,3,Final,RW,RL
2022-11-20,Northeastern Huskies,Boston University Terriers,3,4,4,Final/OT,OL,OW
2022-11-20,Providence Friars,Vermont Catamounts,4,3,4,Final/OT,OW,OL
2022-11-20,Ferris State Bulldogs,Bowling Green Falcons,4,1,3,Final,RW,RL
2022-11-20,Minnesota State Mavericks,Northern Michigan Wildcats,4,1,3,Final,RW,RL
2022-11-20,St. Thomas - Minnesota Tommies,Michigan Tech Huskies,3,4,3,Final,RL,RW
2022-11-20,North Dakota Fighting Hawks,Miami (OH) RedHawks,3,4,3,Final,RL,RW
2022-11-20,Penn State Nittany Lions,Michigan State Spartans,3,7,3,Final,RL,RW
2022-11-20,Colorado College Tigers,St. Cloud State Huskies,0,5,3,Final,RL,RW
2022-11-20,Wisconsin Badgers,Lindenwood Lions,5,1,3,Final,RW,RL
2022-11-21,American International Yellow Jackets,Air Force Falcons,3,1,3,Final,RW,RL
2022-11-22,Merrimack Warriors,Holy Cross Crusaders,5,1,3,Final,RW,RL
2022-11-23,Cornell Big Red,Sacred Heart Pioneers,2,1,3,Final,RW,RL
2022-11-23,Penn State Nittany Lions,Alaska Bulldogs,3,2,3,Final,RW,RL
2022-11-23,Stonehill Stonehill,Westfield State Westfield State,5,5,4,Final/OT,T,T
2022-11-23,Boston University Terriers,Notre Dame Fighting Irish,5,2,3,Final,RW,RL
2022-11-23,Penn State Nittany Lions,Alaska Bulldogs,2,1,3,Final,RW,RL
2022-11-25,Dartmouth Big Green,Quinnipiac Bobcats,2,5,3,Final,RL,RW
2022-11-25,Canisius Golden Griffins,Army Black Knights,2,2,5,Final/SO,T,T
2022-11-25,Brown Bears,Holy Cross Crusaders,3,0,3,Final,RW,RL
2022-11-25,UMass Lowell  River Hawks,Massachusetts Minutemen,1,2,3,Final,RL,RW
2022-11-25,Niagara Purple Eagles,Colgate Raiders,3,2,3,Final,RW,RL
2022-11-25,Sacred Heart Pioneers,Bentley Falcons,1,3,3,Final,RL,RW
2022-11-25,Boston College Eagles,Notre Dame Fighting Irish,2,5,3,Final,RL,RW
2022-11-26,Vermont Catamounts,Rensselaer Engineers,4,3,4,Final/OT,OW,OL
2022-11-26,Providence Friars,St. Lawrence Saints,4,3,3,Final,RW,RL
2022-11-26,Michigan Wolverines,Harvard Crimson,4,4,4,Final/OT,T,T
2022-11-26,Mercyhurst Lakers,Air Force Falcons,5,3,3,Final,RW,RL
2022-11-26,Rochester Tigers,Princeton Tigers,5,3,3,Final,RW,RL
2022-11-26,Miami (OH) RedHawks,Michigan State Spartans,3,5,3,Final,RL,RW
2022-11-26,Michigan Tech Huskies,Minnesota State Mavericks,3,2,3,Final,RW,RL
2022-11-26,Long Island University Long Island University,Ohio State Buckeyes,3,2,3,Final,RW,RL
2022-11-26,St. Thomas - Minnesota Tommies,Lake Superior State Lakers,4,0,3,Final,RW,RL
2022-11-26,Northeastern Huskies,Western Michigan Bulldogs,4,6,3,Final,RL,RW
2022-11-26,Bemidji State Beavers,North Dakota Fighting Hawks,3,3,4,Final/OT,T,T
2022-11-26,Denver Pioneers,Omaha Mavericks,0,3,3,Final,RL,RW
2022-11-26,Arizona State Sun Devils,Minnesota Golden Gophers,2,3,3,Final,RL,RW
2022-11-26,UMass Lowell  River Hawks,Dartmouth Big Green,4,3,4,Final/OT,OW,OL
2022-11-26,Canisius Golden Griffins,Army Black Knights,1,3,3,Final,RL,RW
2022-11-26,Sacred Heart Pioneers,Bentley Falcons,6,3,3,Final,RW,RL
2022-11-26,Maine Black Bears,American International Yellow Jackets,5,1,3,Final,RW,RL
2022-11-26,Quinnipiac Bobcats,Massachusetts Minutemen,2,2,5,Final/SO,T,T
2022-11-26,Niagara Purple Eagles,Colgate Raiders,3,2,4,Final/OT,OW,OL
2022-11-26,Mercyhurst Lakers,Air Force Falcons,4,2,3,Final,RW,RL
2022-11-26,Rochester Tigers,Princeton Tigers,0,5,3,Final,RL,RW
2022-11-26,Miami (OH) RedHawks,Michigan State Spartans,0,4,3,Final,RL,RW
2022-11-26,Michigan Tech Huskies,Minnesota State Mavericks,2,2,4,Final/OT,T,T
2022-11-27,Holy Cross Crusaders,New Hampshire Wildcats,3,2,4,Final/OT,OW,OL
2022-11-27,Providence Friars,Brown Bears,2,3,3,Final,RL,RW
2022-11-27,Michigan Wolverines,Harvard Crimson,4,1,3,Final,RW,RL
2022-11-27,SUNY-Potsdam Falcons,Stonehill Stonehill,3,4,3,Final,RL,RW
2022-11-27,St. Thomas - Minnesota Tommies,Lake Superior State Lakers,2,1,3,Final,RW,RL
2022-11-27,North Dakota Fighting Hawks,Bemidji State Beavers,4,2,3,Final,RW,RL
2022-11-27,Denver Pioneers,Omaha Mavericks,6,3,3,Final,RW,RL
2022-11-27,Long Island University Long Island University,Ohio State Buckeyes,1,4,3,Final,RL,RW
2022-11-27,Cornell Big Red,UConn Huskies,6,0,3,Final,RW,RL
2022-11-27,Arizona State Sun Devils,Minnesota Golden Gophers,6,5,4,Final/OT,OW,OL
2022-11-27,SUNY Canton SUNY Canton,Stonehill Stonehill,5,7,3,Final,RL,RW
2022-11-27,Rensselaer Engineers,Vermont Catamounts,2,1,3,Final,RW,RL
2022-11-30,Brown Bears,Boston College Eagles,2,4,3,Final,RL,RW
2022-11-30,Merrimack Warriors,UConn Huskies,1,3,3,Final,RL,RW
2022-12-02,American International Yellow Jackets,Bentley Falcons,7,2,3,Final,RW,RL
2022-12-02,Michigan State Spartans,Minnesota Golden Gophers,0,5,3,Final,RL,RW
2022-12-03,Army Black Knights,Niagara Purple Eagles,3,0,3,Final,RW,RL
2022-12-03,Colgate Raiders,Dartmouth Big Green,5,1,3,Final,RW,RL
2022-12-03,Cornell Big Red,Harvard Crimson,1,2,4,Final/OT,OL,OW
2022-12-03,Quinnipiac Bobcats,St. Lawrence Saints,2,1,3,Final,RW,RL
2022-12-03,Princeton Tigers,Clarkson Golden Knights,6,2,3,Final,RW,RL
2022-12-03,Penn State Nittany Lions,Ohio State Buckeyes,2,1,3,Final,RW,RL
2022-12-03,Boston College Eagles,Providence Friars,1,1,4,Final/OT,T,T
2022-12-03,New Hampshire Wildcats,Boston University Terriers,3,6,3,Final,RL,RW
2022-12-03,Vermont Catamounts,Maine Black Bears,1,3,3,Final,RL,RW
2022-12-03,Bentley Falcons,American International Yellow Jackets,1,5,3,Final,RL,RW
2022-12-03,Rochester Tigers,Canisius Golden Griffins,1,2,4,Final/OT,OL,OW
2022-12-03,UConn Huskies,Merrimack Warriors,3,7,3,Final,RL,RW
2022-12-03,Lake Superior State Lakers,Bowling Green Falcons,4,7,3,Final,RL,RW
2022-12-03,Northern Michigan Wildcats,Michigan Tech Huskies,4,3,4,Final/OT,OW,OL
2022-12-03,Minnesota Duluth Bulldogs,Colorado College Tigers,0,3,3,Final,RL,RW
2022-12-03,Wisconsin Badgers,Michigan Wolverines,6,3,3,Final,RW,RL
2022-12-03,Minnesota State Mavericks,Ferris State Bulldogs,1,2,3,Final,RL,RW
2022-12-03,Bemidji State Beavers,St. Thomas - Minnesota Tommies,6,4,3,Final,RW,RL
2022-12-03,Omaha Mavericks,Western Michigan Bulldogs,7,6,3,Final,RW,RL
2022-12-03,St. Cloud State Huskies,North Dakota Fighting Hawks,7,2,3,Final,RW,RL
2022-12-03,Denver Pioneers,Arizona State Sun Devils,3,2,3,Final,RW,RL
2022-12-03,Air Force Falcons,Holy Cross Crusaders,1,4,3,Final,RL,RW
2022-12-03,Army Black Knights,Niagara Purple Eagles,2,4,3,Final,RL,RW
2022-12-03,Wisconsin Badgers,Michigan Wolverines,2,4,3,Final,RL,RW
2022-12-03,Vermont Catamounts,Maine Black Bears,1,5,3,Final,RL,RW
2022-12-03,Penn State Nittany Lions,Ohio State Buckeyes,3,4,3,Final,RL,RW
2022-12-03,Michigan State Spartans,Minnesota Golden Gophers,3,6,3,Final,RL,RW
2022-12-03,Boston University Terriers,New Hampshire Wildcats,3,0,3,Final,RW,RL
2022-12-03,Lake Superior State Lakers,Bowling Green Falcons,1,5,3,Final,RL,RW
2022-12-03,Michigan Tech Huskies,Northern Michigan Wildcats,3,1,3,Final,RW,RL
2022-12-04,Union Dutchmen,Northeastern Huskies,3,2,3,Final,RW,RL
2022-12-04,Quinnipiac Bobcats,Clarkson Golden Knights,6,3,3,Final,RW,RL
2022-12-04,Cornell Big Red,Dartmouth Big Green,1,0,3,Final,RW,RL
2022-12-04,Princeton Tigers,St. Lawrence Saints,4,5,3,Final,RL,RW
2022-12-04,Colgate Raiders,Harvard Crimson,6,4,3,Final,RW,RL
2022-12-04,St. Cloud State Huskies,North Dakota Fighting Hawks,6,3,3,Final,RW,RL
2022-12-04,Providence Friars,Boston College Eagles,2,2,4,Final/OT,T,T
2022-12-04,Massachusetts Minutemen,UMass Lowell  River Hawks,1,1,4,Final/OT,T,T
2022-12-04,Air Force Falcons,Holy Cross Crusaders,1,2,3,Final,RL,RW
2022-12-04,Canisius Golden Griffins,Rochester Tigers,4,10,3,Final,RL,RW
2022-12-04,Minnesota State Mavericks,Ferris State Bulldogs,2,3,3,Final,RL,RW
2022-12-04,Bemidji State Beavers,St. Thomas - Minnesota Tommies,2,2,4,Final/OT,T,T
2022-12-04,Long Island University Long Island University,Brown Bears,1,5,3,Final,RL,RW
2022-12-04,Denver Pioneers,Arizona State Sun Devils,5,2,3,Final,RW,RL
2022-12-04,Minnesota Duluth Bulldogs,Colorado College Tigers,4,0,3,Final,RW,RL
2022-12-04,Omaha Mavericks,Western Michigan Bulldogs,3,1,3,Final,RW,RL
2022-12-05,Long Island University Long Island University,Brown Bears,5,4,4,Final/OT,OW,OL
2022-12-07,Sacred Heart Pioneers,Northeastern Huskies,4,2,3,Final,RW,RL
2022-12-07,Stonehill Stonehill,Worcester State Worcester State,5,3,3,Final,RW,RL
2022-12-08,Massachusetts Minutemen,Merrimack Warriors,1,2,3,Final,RL,RW
2022-12-08,American International Yellow Jackets,Niagara Purple Eagles,0,0,4,Final/OT,T,T
2022-12-09,American International Yellow Jackets,Niagara Purple Eagles,4,1,0,Final,OW,OL
2022-12-09,Michigan State Spartans,Michigan Wolverines,2,1,3,Final,RW,RL
2022-12-10,Quinnipiac Bobcats,Rensselaer Engineers,8,3,3,Final,RW,RL
2022-12-10,Clarkson Golden Knights,Brown Bears,2,2,4,Final/OT,T,T
2022-12-10,Princeton Tigers,Union Dutchmen,2,0,3,Final,RW,RL
2022-12-10,St. Lawrence Saints,Yale Bulldogs,2,1,3,Final,RW,RL
2022-12-10,Dartmouth Big Green,UMass Lowell  River Hawks,2,3,3,Final,RL,RW
2022-12-10,Miami (OH) RedHawks,St. Cloud State Huskies,3,7,3,Final,RL,RW
2022-12-10,Notre Dame Fighting Irish,Penn State Nittany Lions,2,5,3,Final,RL,RW
2022-12-10,Boston College Eagles,Boston University Terriers,9,6,3,Final,RW,RL
2022-12-10,New Hampshire Wildcats,Arizona State Sun Devils,1,4,3,Final,RL,RW
2022-12-10,Southern Maine Southern Maine,Stonehill Stonehill,2,2,4,Final/OT,T,T
2022-12-10,Mercyhurst Lakers,Army Black Knights,4,3,3,Final,RW,RL
2022-12-10,Western Michigan Bulldogs,North Dakota Fighting Hawks,2,2,4,Final/OT,T,T
2022-12-10,Bowling Green Falcons,Minnesota State Mavericks,1,2,3,Final,RL,RW
2022-12-10,Ferris State Bulldogs,Northern Michigan Wildcats,5,2,3,Final,RW,RL
2022-12-10,Minnesota Duluth Bulldogs,Denver Pioneers,2,3,4,Final/OT,OL,OW
2022-12-10,Bemidji State Beavers,Lake Superior State Lakers,2,3,4,Final/OT,OL,OW
2022-12-10,Minnesota Golden Gophers,Wisconsin Badgers,7,1,3,Final,RW,RL
2022-12-10,Colorado College Tigers,Omaha Mavericks,6,4,3,Final,RW,RL
2022-12-10,Alaska Bulldogs,Alaska Anchorage Seawolves,5,2,3,Final,RW,RL
2022-12-10,Maine Black Bears,Canisius Golden Griffins,3,0,3,Final,RW,RL
2022-12-10,New Hampshire Wildcats,Arizona State Sun Devils,5,4,4,Final/OT,OW,OL
2022-12-10,Miami (OH) RedHawks,St. Cloud State Huskies,5,0,3,Final,RW,RL
2022-12-10,Western Michigan Bulldogs,North Dakota Fighting Hawks,0,3,3,Final,RL,RW
2022-12-10,Notre Dame Fighting Irish,Penn State Nittany Lions,5,3,3,Final,RW,RL
2022-12-10,Ferris State Bulldogs,Northern Michigan Wildcats,2,5,3,Final,RL,RW
2022-12-10,Michigan Wolverines,Michigan State Spartans,2,1,3,Final,RW,RL
2022-12-11,St. Lawrence Saints,Brown Bears,4,0,3,Final,RW,RL
2022-12-11,Princeton Tigers,Rensselaer Engineers,6,5,3,Final,RW,RL
2022-12-11,Clarkson Golden Knights,Yale Bulldogs,1,1,4,Final/OT,T,T
2022-12-11,Quinnipiac Bobcats,Union Dutchmen,8,1,3,Final,RW,RL
2022-12-11,Minnesota Golden Gophers,Wisconsin Badgers,6,4,3,Final,RW,RL
2022-12-11,Providence Friars,Merrimack Warriors,2,3,3,Final,RL,RW
2022-12-11,Long Island University Long Island University,Franklin Pierce Franklin Pierce,6,1,3,Final,RW,RL
2022-12-11,Mercyhurst Lakers,Army Black Knights,2,3,4,Final/OT,OL,OW
2022-12-11,Bemidji State Beavers,Lake Superior State Lakers,4,1,3,Final,RW,RL
2022-12-11,Bowling Green Falcons,Minnesota State Mavericks,2,6,3,Final,RL,RW
2022-12-11,Colorado College Tigers,Omaha Mavericks,1,0,3,Final,RW,RL
2022-12-11,Minnesota Duluth Bulldogs,Denver Pioneers,3,4,4,Final/OT,OL,OW
2022-12-11,Alaska Bulldogs,Alaska Anchorage Seawolves,7,2,3,Final,RW,RL
2022-12-11,UConn Huskies,Boston University Terriers,2,3,3,Final,RL,RW
2022-12-11,Vermont Catamounts,Dartmouth Big Green,5,1,3,Final,RW,RL
2022-12-12,Long Island University Long Island University,Franklin Pierce Franklin Pierce,9,2,3,Final,RW,RL
2022-12-16,Minnesota State Mavericks,Bemidji State Beavers,3,4,4,Final/OT,OL,OW
2022-12-17,Bowling Green Falcons,Ohio State Buckeyes,2,5,3,Final,RL,RW
2022-12-17,Lake Superior State Lakers,Michigan Tech Huskies,3,0,3,Final,RW,RL
2022-12-17,Minnesota State Mavericks,Bemidji State Beavers,1,4,3,Final,RL,RW
2022-12-17,St. Thomas - Minnesota Tommies,Ferris State Bulldogs,7,4,3,Final,RW,RL
2022-12-17,Denver Pioneers,Lindenwood Lions,5,0,3,Final,RW,RL
2022-12-17,Alaska Anchorage Seawolves,Alaska Bulldogs,0,4,3,Final,RL,RW
2022-12-17,Lake Superior State Lakers,Michigan Tech Huskies,1,5,3,Final,RL,RW
2022-12-18,Ohio State Buckeyes,Bowling Green Falcons,9,4,3,Final,RW,RL
2022-12-18,St. Thomas - Minnesota Tommies,Ferris State Bulldogs,2,4,3,Final,RL,RW
2022-12-18,Denver Pioneers,Lindenwood Lions,5,4,3,Final,RW,RL
2022-12-18,Alaska Anchorage Seawolves,Alaska Bulldogs,0,1,3,Final,RL,RW
2022-12-19,Long Island University Long Island University,Northeastern Huskies,3,4,4,Final/OT,OL,OW
2022-12-27,Michigan Tech Huskies,Western Michigan Bulldogs,1,8,3,Final,RL,RW
2022-12-28,Ferris State Bulldogs,Michigan State Spartans,4,2,3,Final,RW,RL
2022-12-28,Michigan Tech Huskies,Michigan State Spartans,3,2,4,Final/OT,OW,OL
2022-12-28,Massachusetts Minutemen,Clarkson Golden Knights,3,6,3,Final,RL,RW
2022-12-29,Ferris State Bulldogs,Western Michigan Bulldogs,2,8,3,Final,RL,RW
2022-12-29,Wisconsin Badgers,Lake Superior State Lakers,4,0,3,Final,RW,RL
2022-12-29,Lake Superior State Lakers,Massachusetts Minutemen,1,4,3,Final,RL,RW
2022-12-30,Cornell Big Red,American International Yellow Jackets,8,4,3,Final,RW,RL
2022-12-30,Sacred Heart Pioneers,Mercyhurst Lakers,4,3,4,Final/OT,OW,OL
2022-12-30,Long Island University Long Island University,UConn Huskies,1,2,4,Final/OT,OL,OW
2022-12-30,Bowling Green Falcons,Rensselaer Engineers,3,1,3,Final,RW,RL
2022-12-30,Clarkson Golden Knights,Wisconsin Badgers,3,1,3,Final,RW,RL
2022-12-30,Sacred Heart Pioneers,Mercyhurst Lakers,4,1,3,Final,RW,RL
2022-12-30,Union Dutchmen,New Hampshire Wildcats,4,3,3,Final,RW,RL
2022-12-30,Yale Bulldogs,Providence Friars,0,3,3,Final,RL,RW
2022-12-30,Rochester Tigers,Penn State Nittany Lions,1,6,3,Final,RL,RW
2022-12-30,UMass Lowell  River Hawks,Alaska Anchorage Seawolves,2,4,3,Final,RL,RW
2022-12-31,Holy Cross Crusaders,Quinnipiac Bobcats,1,4,3,Final,RL,RW
2022-12-31,Cornell Big Red,American International Yellow Jackets,3,3,4,Final/OT,T,T
2022-12-31,Colgate Raiders,Maine Black Bears,5,2,3,Final,RW,RL
2022-12-31,Boston University Terriers,Harvard Crimson,2,1,4,Final/OT,OW,OL
2022-12-31,Vermont Catamounts,Lindenwood Lions,4,2,3,Final,RW,RL
2022-12-31,Miami (OH) RedHawks,Niagara Purple Eagles,5,3,3,Final,RW,RL
2022-12-31,Bentley Falcons,Northeastern Huskies,3,1,3,Final,RW,RL
2022-12-31,Bowling Green Falcons,Rensselaer Engineers,5,2,3,Final,RW,RL
2022-12-31,Dartmouth Big Green,Merrimack Warriors,2,3,4,Final/OT,OL,OW
2022-12-31,Omaha Mavericks,St. Lawrence Saints,1,2,4,Final/OT,OL,OW
2022-12-31,Colorado College Tigers,Princeton Tigers,7,2,3,Final,RW,RL
2022-12-31,Arizona State Sun Devils,Boston College Eagles,2,5,3,Final,RL,RW
2022-12-31,UConn Huskies,Long Island University Long Island University,5,3,3,Final,RW,RL
2022-12-31,Colgate Raiders,Maine Black Bears,1,1,4,Final/OT,T,T
2022-12-31,Union Dutchmen,New Hampshire Wildcats,3,2,3,Final,RW,RL
2022-12-31,Vermont Catamounts,Lindenwood Lions,2,3,4,Final/OT,OL,OW
2022-12-31,Merrimack Warriors,Providence Friars,1,6,3,Final,RL,RW
2022-12-31,Miami (OH) RedHawks,Niagara Purple Eagles,4,5,3,Final,RL,RW
2022-12-31,UMass Lowell  River Hawks,Alaska Anchorage Seawolves,2,3,3,Final,RL,RW
2022-12-31,Notre Dame Fighting Irish,Alaska Bulldogs,2,3,3,Final,RL,RW
2022-12-31,Arizona State Sun Devils,Boston College Eagles,2,1,3,Final,RW,RL
2022-12-31,Penn State Nittany Lions,Rochester Tigers,3,1,3,Final,RW,RL
2022-12-31,Colorado College Tigers,Princeton Tigers,1,2,4,Final/OT,OL,OW
2023-01-01,Dartmouth Big Green,Yale Bulldogs,4,3,3,Final,RW,RL
2023-01-01,Omaha Mavericks,St. Lawrence Saints,5,2,3,Final,RW,RL
2023-01-01,Harvard Crimson,Northeastern Huskies,8,4,3,Final,RW,RL
2023-01-01,Notre Dame Fighting Irish,Alaska Bulldogs,2,0,3,Final,RW,RL
2023-01-03,Yale Bulldogs,Army Black Knights,5,1,3,Final,RW,RL
2023-01-04,Massachusetts Minutemen,Brown Bears,3,0,3,Final,RW,RL
2023-01-06,Niagara Purple Eagles,St. Lawrence Saints,4,3,3,Final,RW,RL
2023-01-06,Sacred Heart Pioneers,Army Black Knights,5,0,3,Final,RW,RL
2023-01-06,SUNY Cortland Red Dragons,Stonehill Stonehill,7,2,3,Final,RW,RL
2023-01-06,Air Force Falcons,Boston University Terriers,1,5,3,Final,RL,RW
2023-01-07,Merrimack Warriors,Yale Bulldogs,3,3,4,Final/OT,T,T
2023-01-07,Rensselaer Engineers,Colgate Raiders,5,3,3,Final,RW,RL
2023-01-07,Princeton Tigers,Harvard Crimson,3,4,4,Final/OT,OL,OW
2023-01-07,Union Dutchmen,Cornell Big Red,1,6,3,Final,RL,RW
2023-01-07,Quinnipiac Bobcats,Dartmouth Big Green,3,0,3,Final,RW,RL
2023-01-07,Ohio State Buckeyes,Michigan State Spartans,3,1,3,Final,RW,RL
2023-01-07,Providence Friars,New Hampshire Wildcats,0,2,3,Final,RL,RW
2023-01-07,Maine Black Bears,Alaska Anchorage Seawolves,1,0,3,Final,RW,RL
2023-01-07,Bentley Falcons,Rochester Tigers,0,3,3,Final,RL,RW
2023-01-07,Bowling Green Falcons,Lake Superior State Lakers,5,2,3,Final,RW,RL
2023-01-07,Northern Michigan Wildcats,Minnesota State Mavericks,2,5,3,Final,RL,RW
2023-01-07,Wisconsin Badgers,Notre Dame Fighting Irish,2,0,3,Final,RW,RL
2023-01-07,Bemidji State Beavers,Minnesota Duluth Bulldogs,1,1,4,Final/OT,T,T
2023-01-07,North Dakota Fighting Hawks,Lindenwood Lions,4,3,3,Final,RW,RL
2023-01-07,Arizona State Sun Devils,Michigan Tech Huskies,2,4,3,Final,RL,RW
2023-01-07,Denver Pioneers,Alaska Bulldogs,1,3,3,Final,RL,RW
2023-01-07,American International Yellow Jackets,UMass Lowell  River Hawks,2,4,3,Final,RL,RW
2023-01-07,UConn Huskies,Northeastern Huskies,1,4,3,Final,RL,RW
2023-01-07,Holy Cross Crusaders,Clarkson Golden Knights,1,1,4,Final/OT,T,T
2023-01-07,Union Dutchmen,Colgate Raiders,1,2,3,Final,RL,RW
2023-01-07,Ohio State Buckeyes,Michigan State Spartans,6,0,3,Final,RW,RL
2023-01-07,SUNY Morrisville SUNY Morrisville,Stonehill Stonehill,3,4,3,Final,RL,RW
2023-01-07,Bentley Falcons,Rochester Tigers,1,3,3,Final,RL,RW
2023-01-07,Maine Black Bears,Alaska Anchorage Seawolves,4,3,4,Final/OT,OW,OL
2023-01-07,Michigan Tech Huskies,Boston University Terriers,3,2,3,Final,RW,RL
2023-01-07,Massachusetts Minutemen,Boston College Eagles,2,4,3,Final,RL,RW
2023-01-07,Northern Michigan Wildcats,Minnesota State Mavericks,3,5,3,Final,RL,RW
2023-01-07,Wisconsin Badgers,Notre Dame Fighting Irish,4,6,3,Final,RL,RW
2023-01-08,St. Lawrence Saints,Niagara Purple Eagles,4,3,4,Final/OT,OW,OL
2023-01-08,Quinnipiac Bobcats,Harvard Crimson,4,1,3,Final,RW,RL
2023-01-08,Rensselaer Engineers,Cornell Big Red,4,6,3,Final,RL,RW
2023-01-08,Princeton Tigers,Dartmouth Big Green,4,2,3,Final,RW,RL
2023-01-08,Merrimack Warriors,Brown Bears,2,6,3,Final,RL,RW
2023-01-08,St. Cloud State Huskies,Minnesota Golden Gophers,3,0,3,Final,RW,RL
2023-01-08,Bowling Green Falcons,Lake Superior State Lakers,5,3,3,Final,RW,RL
2023-01-08,Minnesota Duluth Bulldogs,Bemidji State Beavers,5,2,3,Final,RW,RL
2023-01-08,North Dakota Fighting Hawks,Lindenwood Lions,4,2,3,Final,RW,RL
2023-01-08,Denver Pioneers,Alaska Bulldogs,7,2,3,Final,RW,RL
2023-01-08,Arizona State Sun Devils,Air Force Falcons,2,0,3,Final,RW,RL
2023-01-08,Army Black Knights,Providence Friars,3,3,4,Final/OT,T,T
2023-01-08,Vermont Catamounts,Yale Bulldogs,1,1,4,Final/OT,T,T
2023-01-08,New Hampshire Wildcats,Sacred Heart Pioneers,4,1,3,Final,RW,RL
2023-01-08,Minnesota Golden Gophers,St. Cloud State Huskies,2,1,4,Final/OT,OW,OL
2023-01-10,Assumption Falcons,Stonehill Stonehill,2,8,3,Final,RL,RW
2023-01-12,Boston University Terriers,Massachusetts Minutemen,6,2,3,Final,RW,RL
2023-01-13,Niagara Purple Eagles,Bentley Falcons,3,6,3,Final,RL,RW
2023-01-13,Michigan Wolverines,Ohio State Buckeyes,2,7,3,Final,RL,RW
2023-01-14,Holy Cross Crusaders,Air Force Falcons,5,2,3,Final,RW,RL
2023-01-14,Army Black Knights,Canisius Golden Griffins,2,0,3,Final,RW,RL
2023-01-14,Yale Bulldogs,Rensselaer Engineers,4,1,3,Final,RW,RL
2023-01-14,Princeton Tigers,Long Island University Long Island University,5,2,3,Final,RW,RL
2023-01-14,Brown Bears,Union Dutchmen,6,2,3,Final,RW,RL
2023-01-14,Harvard Crimson,Clarkson Golden Knights,4,1,3,Final,RW,RL
2023-01-14,Michigan State Spartans,Penn State Nittany Lions,3,2,4,Final/OT,OW,OL
2023-01-14,Notre Dame Fighting Irish,Minnesota Golden Gophers,2,2,4,Final/OT,T,T
2023-01-14,Maine Black Bears,UMass Lowell  River Hawks,1,2,3,Final,RL,RW
2023-01-14,Merrimack Warriors,Providence Friars,3,8,3,Final,RL,RW
2023-01-14,Rochester Tigers,Mercyhurst Lakers,4,4,4,Final/OT,T,T
2023-01-14,Bowling Green Falcons,Bemidji State Beavers,4,2,3,Final,RW,RL
2023-01-14,Lake Superior State Lakers,Ferris State Bulldogs,0,4,3,Final,RL,RW
2023-01-14,Michigan Tech Huskies,St. Thomas - Minnesota Tommies,2,0,3,Final,RW,RL
2023-01-14,Dartmouth Big Green,St. Lawrence Saints,2,3,4,Final/OT,OL,OW
2023-01-14,North Dakota Fighting Hawks,Western Michigan Bulldogs,0,4,3,Final,RL,RW
2023-01-14,St. Cloud State Huskies,Colorado College Tigers,2,4,3,Final,RL,RW
2023-01-14,Omaha Mavericks,Minnesota Duluth Bulldogs,3,2,3,Final,RW,RL
2023-01-14,Arizona State Sun Devils,Minnesota State Mavericks,1,3,3,Final,RL,RW
2023-01-14,Denver Pioneers,Miami (OH) RedHawks,7,0,3,Final,RW,RL
2023-01-14,Army Black Knights,Canisius Golden Griffins,4,5,4,Final/OT,OL,OW
2023-01-14,Boston University Terriers,Cornell Big Red,4,3,3,Final,RW,RL
2023-01-14,St. Anselm Hawks,Stonehill Stonehill,1,3,3,Final,RL,RW
2023-01-14,Michigan Wolverines,Ohio State Buckeyes,4,2,3,Final,RW,RL
2023-01-14,Rochester Tigers,Mercyhurst Lakers,1,0,3,Final,RW,RL
2023-01-14,Niagara Purple Eagles,Bentley Falcons,1,6,3,Final,RL,RW
2023-01-14,Notre Dame Fighting Irish,Minnesota Golden Gophers,0,3,3,Final,RL,RW
2023-01-14,Lake Superior State Lakers,Ferris State Bulldogs,4,1,3,Final,RW,RL
2023-01-14,Michigan Tech Huskies,St. Thomas - Minnesota Tommies,2,3,3,Final,RL,RW
2023-01-15,Vermont Catamounts,American International Yellow Jackets,0,4,3,Final,RL,RW
2023-01-15,Sacred Heart Pioneers,Boston College Eagles,2,3,4,Final/OT,OL,OW
2023-01-15,Long Island University Long Island University,Quinnipiac Bobcats,2,5,3,Final,RL,RW
2023-01-15,Dartmouth Big Green,Clarkson Golden Knights,4,5,3,Final,RL,RW
2023-01-15,Harvard Crimson,St. Lawrence Saints,5,0,3,Final,RW,RL
2023-01-15,Yale Bulldogs,Union Dutchmen,0,0,4,Final/OT,T,T
2023-01-15,Brown Bears,Rensselaer Engineers,3,0,3,Final,RW,RL
2023-01-15,St. Cloud State Huskies,Colorado College Tigers,4,0,3,Final,RW,RL
2023-01-15,Michigan State Spartans,Penn State Nittany Lions,4,4,4,Final/OT,T,T
2023-01-15,Merrimack Warriors,Providence Friars,3,0,3,Final,RW,RL
2023-01-15,Maine Black Bears,UMass Lowell  River Hawks,5,3,3,Final,RW,RL
2023-01-15,Bowling Green Falcons,Bemidji State Beavers,5,2,3,Final,RW,RL
2023-01-15,North Dakota Fighting Hawks,Western Michigan Bulldogs,6,7,3,Final,RL,RW
2023-01-15,UConn Huskies,Northeastern Huskies,3,4,3,Final,RL,RW
2023-01-15,Denver Pioneers,Miami (OH) RedHawks,7,0,3,Final,RW,RL
2023-01-15,Omaha Mavericks,Minnesota Duluth Bulldogs,6,1,3,Final,RW,RL
2023-01-15,Arizona State Sun Devils,Minnesota State Mavericks,0,5,3,Final,RL,RW
2023-01-15,Massachusetts Minutemen,New Hampshire Wildcats,1,3,3,Final,RL,RW
2023-01-15,Holy Cross Crusaders,Air Force Falcons,4,1,3,Final,RW,RL
2023-01-18,Army Black Knights,American International Yellow Jackets,1,2,4,Final/OT,OL,OW
2023-01-18,Princeton Tigers,Providence Friars,3,2,4,Final/OT,OW,OL
2023-01-18,Stonehill Stonehill,Rivier University Rivier University,5,1,3,Final,RW,RL
2023-01-20,St. Thomas - Minnesota Tommies,Bowling Green Falcons,4,2,3,Final,RW,RL
2023-01-20,Long Island University Long Island University,Lindenwood Lions,3,2,4,Final/OT,OW,OL
2023-01-20,Penn State Nittany Lions,Notre Dame Fighting Irish,1,2,3,Final,RL,RW
2023-01-21,Sacred Heart Pioneers,Holy Cross Crusaders,2,2,4,Final/OT,T,T
2023-01-21,Colgate Raiders,Princeton Tigers,5,0,3,Final,RW,RL
2023-01-21,Union Dutchmen,St. Lawrence Saints,3,2,3,Final,RW,RL
2023-01-21,Rensselaer Engineers,Clarkson Golden Knights,3,2,4,Final/OT,OW,OL
2023-01-21,Cornell Big Red,Quinnipiac Bobcats,4,0,3,Final,RW,RL
2023-01-21,Brown Bears,Dartmouth Big Green,3,4,3,Final,RL,RW
2023-01-21,Yale Bulldogs,Harvard Crimson,2,3,4,Final/OT,OL,OW
2023-01-21,Boston College Eagles,Vermont Catamounts,1,1,4,Final/OT,T,T
2023-01-21,Boston University Terriers,Maine Black Bears,5,1,3,Final,RW,RL
2023-01-21,Massachusetts Minutemen,UConn Huskies,3,4,4,Final/OT,OL,OW
2023-01-21,Merrimack Warriors,Northeastern Huskies,1,5,3,Final,RL,RW
2023-01-21,Mercyhurst Lakers,American International Yellow Jackets,4,1,3,Final,RW,RL
2023-01-21,Bentley Falcons,Canisius Golden Griffins,1,5,3,Final,RL,RW
2023-01-21,Ferris State Bulldogs,Michigan Tech Huskies,0,1,3,Final,RL,RW
2023-01-21,UMass Lowell  River Hawks,New Hampshire Wildcats,6,2,3,Final,RW,RL
2023-01-21,Minnesota Golden Gophers,Michigan Wolverines,4,3,4,Final/OT,OW,OL
2023-01-21,Wisconsin Badgers,Ohio State Buckeyes,4,0,3,Final,RW,RL
2023-01-21,Minnesota State Mavericks,Lake Superior State Lakers,3,2,4,Final/OT,OW,OL
2023-01-21,Bemidji State Beavers,Northern Michigan Wildcats,4,0,3,Final,RW,RL
2023-01-21,St. Thomas - Minnesota Tommies,Bowling Green Falcons,3,3,4,Final/OT,T,T
2023-01-21,Omaha Mavericks,Miami (OH) RedHawks,4,1,3,Final,RW,RL
2023-01-21,North Dakota Fighting Hawks,Minnesota Duluth Bulldogs,4,2,3,Final,RW,RL
2023-01-21,St. Cloud State Huskies,Denver Pioneers,7,3,3,Final,RW,RL
2023-01-21,Arizona State Sun Devils,Rochester Tigers,1,5,3,Final,RL,RW
2023-01-21,Air Force Falcons,Niagara Purple Eagles,6,3,3,Final,RW,RL
2023-01-21,Colorado College Tigers,Western Michigan Bulldogs,1,4,3,Final,RL,RW
2023-01-21,Union Dutchmen,Clarkson Golden Knights,3,4,3,Final,RL,RW
2023-01-21,Mercyhurst Lakers,American International Yellow Jackets,1,2,4,Final/OT,OL,OW
2023-01-21,Bentley Falcons,Canisius Golden Griffins,2,2,4,Final/OT,T,T
2023-01-21,UConn Huskies,Massachusetts Minutemen,3,1,3,Final,RW,RL
2023-01-21,Penn State Nittany Lions,Notre Dame Fighting Irish,3,2,3,Final,RW,RL
2023-01-21,Boston College Eagles,Vermont Catamounts,2,3,3,Final,RL,RW
2023-01-21,Arizona State Sun Devils,Rochester Tigers,3,5,3,Final,RL,RW
2023-01-21,Boston University Terriers,Maine Black Bears,9,6,3,Final,RW,RL
2023-01-21,Air Force Falcons,Niagara Purple Eagles,1,2,3,Final,RL,RW
2023-01-21,Ferris State Bulldogs,Michigan Tech Huskies,3,3,4,Final/OT,T,T
2023-01-22,Sacred Heart Pioneers,Holy Cross Crusaders,4,1,3,Final,RW,RL
2023-01-22,Rensselaer Engineers,St. Lawrence Saints,4,3,4,Final/OT,OW,OL
2023-01-22,Colgate Raiders,Quinnipiac Bobcats,3,2,3,Final,RW,RL
2023-01-22,Cornell Big Red,Princeton Tigers,3,2,3,Final,RW,RL
2023-01-22,Brown Bears,Harvard Crimson,3,2,3,Final,RW,RL
2023-01-22,Yale Bulldogs,Dartmouth Big Green,0,4,3,Final,RL,RW
2023-01-22,St. Cloud State Huskies,Denver Pioneers,2,0,3,Final,RW,RL
2023-01-22,New Hampshire Wildcats,UMass Lowell  River Hawks,2,3,4,Final/OT,OL,OW
2023-01-22,Bemidji State Beavers,Northern Michigan Wildcats,2,5,3,Final,RL,RW
2023-01-22,Minnesota State Mavericks,Lake Superior State Lakers,3,1,3,Final,RW,RL
2023-01-22,North Dakota Fighting Hawks,Minnesota Duluth Bulldogs,1,2,3,Final,RL,RW
2023-01-22,Northeastern Huskies,Merrimack Warriors,1,0,3,Final,RW,RL
2023-01-22,Colorado College Tigers,Western Michigan Bulldogs,1,4,3,Final,RL,RW
2023-01-22,Minnesota Golden Gophers,Michigan Wolverines,4,5,4,Final/OT,OL,OW
2023-01-22,Wisconsin Badgers,Ohio State Buckeyes,0,2,3,Final,RL,RW
2023-01-22,Long Island University Long Island University,Lindenwood Lions,6,4,3,Final,RW,RL
2023-01-22,Omaha Mavericks,Miami (OH) RedHawks,2,0,3,Final,RW,RL
2023-01-27,UConn Huskies,Yale Bulldogs,6,1,3,Final,RW,RL
2023-01-28,Holy Cross Crusaders,Rochester Tigers,3,4,3,Final,RL,RW
2023-01-28,Canisius Golden Griffins,Niagara Purple Eagles,5,2,3,Final,RW,RL
2023-01-28,Army Black Knights,Air Force Falcons,3,1,3,Final,RW,RL
2023-01-28,Dartmouth Big Green,Cornell Big Red,2,3,3,Final,RL,RW
2023-01-28,Harvard Crimson,Colgate Raiders,5,4,4,Final/OT,OW,OL
2023-01-28,St. Lawrence Saints,Clarkson Golden Knights,4,2,3,Final,RW,RL
2023-01-28,Western Michigan Bulldogs,Omaha Mavericks,6,1,3,Final,RW,RL
2023-01-28,Michigan Wolverines,Penn State Nittany Lions,7,3,3,Final,RW,RL
2023-01-28,Boston University Terriers,Boston College Eagles,6,3,3,Final,RW,RL
2023-01-28,Maine Black Bears,Providence Friars,3,2,3,Final,RW,RL
2023-01-28,Vermont Catamounts,Merrimack Warriors,2,4,3,Final,RL,RW
2023-01-28,Quinnipiac Bobcats,Sacred Heart Pioneers,5,0,3,Final,RW,RL
2023-01-28,Mercyhurst Lakers,Bentley Falcons,4,3,3,Final,RW,RL
2023-01-28,UMass Lowell  River Hawks,Massachusetts Minutemen,1,0,3,Final,RW,RL
2023-01-28,Ferris State Bulldogs,Minnesota State Mavericks,1,4,3,Final,RL,RW
2023-01-28,Lake Superior State Lakers,Bemidji State Beavers,2,3,3,Final,RL,RW
2023-01-28,Michigan Tech Huskies,Northern Michigan Wildcats,3,0,3,Final,RW,RL
2023-01-28,Miami (OH) RedHawks,North Dakota Fighting Hawks,1,4,3,Final,RL,RW
2023-01-28,Notre Dame Fighting Irish,Wisconsin Badgers,5,3,3,Final,RW,RL
2023-01-28,Minnesota Duluth Bulldogs,St. Cloud State Huskies,5,3,3,Final,RW,RL
2023-01-28,Minnesota Golden Gophers,Michigan State Spartans,8,0,3,Final,RW,RL
2023-01-28,Arizona State Sun Devils,St. Thomas - Minnesota Tommies,4,0,3,Final,RW,RL
2023-01-28,Denver Pioneers,Colorado College Tigers,2,0,3,Final,RW,RL
2023-01-28,Alaska Anchorage Seawolves,Alaska Bulldogs,3,4,4,Final/OT,OL,OW
2023-01-28,Army Black Knights,Air Force Falcons,4,6,3,Final,RL,RW
2023-01-28,Yale Bulldogs,Sacred Heart Pioneers,3,4,3,Final,RL,RW
2023-01-28,Minnesota Golden Gophers,Michigan State Spartans,6,3,3,Final,RW,RL
2023-01-28,Mercyhurst Lakers,Bentley Falcons,3,5,3,Final,RL,RW
2023-01-28,Union Dutchmen,Rensselaer Engineers,6,0,3,Final,RW,RL
2023-01-28,Western Michigan Bulldogs,Omaha Mavericks,0,2,3,Final,RL,RW
2023-01-28,Notre Dame Fighting Irish,Wisconsin Badgers,3,1,3,Final,RW,RL
2023-01-28,Ferris State Bulldogs,Minnesota State Mavericks,1,5,3,Final,RL,RW
2023-01-28,Lake Superior State Lakers,Bemidji State Beavers,3,2,3,Final,RW,RL
2023-01-28,Northern Michigan Wildcats,Michigan Tech Huskies,1,4,3,Final,RL,RW
2023-01-29,Canisius Golden Griffins,Niagara Purple Eagles,2,5,3,Final,RL,RW
2023-01-29,Holy Cross Crusaders,Rochester Tigers,4,3,4,Final/OT,OW,OL
2023-01-29,Clarkson Golden Knights,St. Lawrence Saints,2,4,3,Final,RL,RW
2023-01-29,Princeton Tigers,Long Island University Long Island University,4,6,3,Final,RL,RW
2023-01-29,Dartmouth Big Green,Colgate Raiders,3,4,4,Final/OT,OL,OW
2023-01-29,Harvard Crimson,Cornell Big Red,6,2,3,Final,RW,RL
2023-01-29,Michigan Wolverines,Penn State Nittany Lions,5,4,3,Final,RW,RL
2023-01-29,Boston College Eagles,Boston University Terriers,1,3,3,Final,RL,RW
2023-01-29,Vermont Catamounts,Merrimack Warriors,2,1,4,Final/OT,OW,OL
2023-01-29,Quinnipiac Bobcats,UConn Huskies,4,3,3,Final,RW,RL
2023-01-29,Miami (OH) RedHawks,North Dakota Fighting Hawks,0,8,3,Final,RL,RW
2023-01-29,Maine Black Bears,Providence Friars,3,0,3,Final,RW,RL
2023-01-29,Minnesota Duluth Bulldogs,St. Cloud State Huskies,6,3,3,Final,RW,RL
2023-01-29,Arizona State Sun Devils,St. Thomas - Minnesota Tommies,4,3,4,Final/OT,OW,OL
2023-01-29,Alaska Bulldogs,Alaska Anchorage Seawolves,4,3,4,Final/OT,OW,OL
2023-02-01,Northeastern Huskies,Boston College Eagles,2,1,3,Final,RW,RL
2023-02-03,American International Yellow Jackets,Sacred Heart Pioneers,2,4,3,Final,RL,RW
2023-02-03,Long Island University Long Island University,Stonehill Stonehill,9,3,3,Final,RW,RL
2023-02-03,Niagara Purple Eagles,Army Black Knights,2,3,4,Final/OT,OL,OW
2023-02-04,Bentley Falcons,Holy Cross Crusaders,1,4,3,Final,RL,RW
2023-02-04,Harvard Crimson,Quinnipiac Bobcats,0,3,3,Final,RL,RW
2023-02-04,Yale Bulldogs,Clarkson Golden Knights,4,0,3,Final,RW,RL
2023-02-04,Colgate Raiders,Union Dutchmen,1,3,3,Final,RL,RW
2023-02-04,Cornell Big Red,Rensselaer Engineers,3,1,3,Final,RW,RL
2023-02-04,Brown Bears,St. Lawrence Saints,0,6,3,Final,RL,RW
2023-02-04,Michigan Wolverines,Wisconsin Badgers,6,2,3,Final,RW,RL
2023-02-04,Michigan State Spartans,Notre Dame Fighting Irish,3,0,3,Final,RW,RL
2023-02-04,Ohio State Buckeyes,Penn State Nittany Lions,3,4,3,Final,RL,RW
2023-02-04,Maine Black Bears,Boston University Terriers,3,5,3,Final,RL,RW
2023-02-04,Providence Friars,Massachusetts Minutemen,2,3,3,Final,RL,RW
2023-02-04,New Hampshire Wildcats,Merrimack Warriors,3,2,4,Final/OT,OW,OL
2023-02-04,Northeastern Huskies,UConn Huskies,3,4,4,Final/OT,OL,OW
2023-02-04,Canisius Golden Griffins,Rochester Tigers,2,3,3,Final,RL,RW
2023-02-04,Bowling Green Falcons,Ferris State Bulldogs,1,2,3,Final,RL,RW
2023-02-04,Northern Michigan Wildcats,Lake Superior State Lakers,2,4,3,Final,RL,RW
2023-02-04,UMass Lowell  River Hawks,Boston College Eagles,2,2,4,Final/OT,T,T
2023-02-04,Dartmouth Big Green,Princeton Tigers,3,7,3,Final,RL,RW
2023-02-04,Minnesota State Mavericks,St. Thomas - Minnesota Tommies,2,3,4,Final/OT,OL,OW
2023-02-04,Bemidji State Beavers,Michigan Tech Huskies,0,2,3,Final,RL,RW
2023-02-04,St. Cloud State Huskies,Miami (OH) RedHawks,3,3,4,Final/OT,T,T
2023-02-04,Minnesota Duluth Bulldogs,Western Michigan Bulldogs,2,3,4,Final/OT,OL,OW
2023-02-04,Air Force Falcons,Mercyhurst Lakers,4,3,4,Final/OT,OW,OL
2023-02-04,Alaska Bulldogs,Arizona State Sun Devils,2,1,3,Final,RW,RL
2023-02-04,Long Island University Long Island University,Stonehill Stonehill,9,1,3,Final,RW,RL
2023-02-04,Bentley Falcons,Holy Cross Crusaders,1,4,3,Final,RL,RW
2023-02-04,Michigan State Spartans,Notre Dame Fighting Irish,3,2,3,Final,RW,RL
2023-02-04,Niagara Purple Eagles,Army Black Knights,3,3,4,Final/OT,T,T
2023-02-04,UMass Lowell  River Hawks,New Hampshire Wildcats,4,5,3,Final,RL,RW
2023-02-04,Northern Michigan Wildcats,Lake Superior State Lakers,3,1,3,Final,RW,RL
2023-02-04,Ohio State Buckeyes,Penn State Nittany Lions,4,2,3,Final,RW,RL
2023-02-05,Air Force Falcons,Mercyhurst Lakers,4,2,3,Final,RW,RL
2023-02-05,Sacred Heart Pioneers,American International Yellow Jackets,1,4,3,Final,RL,RW
2023-02-05,Yale Bulldogs,St. Lawrence Saints,4,0,3,Final,RW,RL
2023-02-05,Colgate Raiders,Rensselaer Engineers,1,2,3,Final,RL,RW
2023-02-05,Cornell Big Red,Union Dutchmen,10,1,3,Final,RW,RL
2023-02-05,Brown Bears,Clarkson Golden Knights,2,6,3,Final,RL,RW
2023-02-05,St. Cloud State Huskies,Miami (OH) RedHawks,1,1,4,Final/OT,T,T
2023-02-05,Minnesota Duluth Bulldogs,Western Michigan Bulldogs,1,4,3,Final,RL,RW
2023-02-05,Michigan Wolverines,Wisconsin Badgers,7,4,3,Final,RW,RL
2023-02-05,Rochester Tigers,Canisius Golden Griffins,2,3,4,Final/OT,OL,OW
2023-02-05,Bowling Green Falcons,Ferris State Bulldogs,4,4,4,Final/OT,T,T
2023-02-05,Bemidji State Beavers,Michigan Tech Huskies,2,3,3,Final,RL,RW
2023-02-05,St. Thomas - Minnesota Tommies,Minnesota State Mavericks,2,5,3,Final,RL,RW
2023-02-05,Dartmouth Big Green,Quinnipiac Bobcats,2,4,3,Final,RL,RW
2023-02-05,Colorado College Tigers,Denver Pioneers,1,4,3,Final,RL,RW
2023-02-05,Alaska Bulldogs,Arizona State Sun Devils,5,2,3,Final,RW,RL
2023-02-05,Maine Black Bears,Merrimack Warriors,3,2,4,Final/OT,OW,OL
2023-02-05,Vermont Catamounts,Providence Friars,1,3,3,Final,RL,RW
2023-02-06,Harvard Crimson,Boston College Eagles,4,3,4,Final/OT,OW,OL
2023-02-07,Boston University Terriers,Northeastern Huskies,1,3,3,Final,RL,RW
2023-02-08,Sacred Heart Pioneers,Army Black Knights,1,4,3,Final,RL,RW
2023-02-08,Franklin Pierce Franklin Pierce,Stonehill Stonehill,3,5,3,Final,RL,RW
2023-02-09,American International Yellow Jackets,Bentley Falcons,3,4,3,Final,RL,RW
2023-02-10,Niagara Purple Eagles,Rochester Tigers,4,3,3,Final,RW,RL
2023-02-10,Long Island University Long Island University,Alaska Bulldogs,3,5,3,Final,RL,RW
2023-02-11,Sacred Heart Pioneers,Air Force Falcons,4,5,3,Final,RL,RW
2023-02-11,Army Black Knights,Holy Cross Crusaders,5,2,3,Final,RW,RL
2023-02-11,Union Dutchmen,Yale Bulldogs,3,1,3,Final,RW,RL
2023-02-11,Clarkson Golden Knights,Quinnipiac Bobcats,0,3,3,Final,RL,RW
2023-02-11,Rensselaer Engineers,Brown Bears,2,3,3,Final,RL,RW
2023-02-11,Cornell Big Red,Colgate Raiders,3,2,3,Final,RW,RL
2023-02-11,St. Lawrence Saints,Princeton Tigers,6,2,3,Final,RW,RL
2023-02-11,Michigan State Spartans,Michigan Wolverines,2,4,3,Final,RL,RW
2023-02-11,Boston College Eagles,Maine Black Bears,1,3,3,Final,RL,RW
2023-02-11,New Hampshire Wildcats,UConn Huskies,4,1,3,Final,RW,RL
2023-02-11,Massachusetts Minutemen,Vermont Catamounts,3,3,4,Final/OT,T,T
2023-02-11,Providence Friars,Northeastern Huskies,3,3,4,Final/OT,T,T
2023-02-11,Mercyhurst Lakers,Canisius Golden Griffins,3,4,3,Final,RL,RW
2023-02-11,Bentley Falcons,American International Yellow Jackets,2,2,4,Final/OT,T,T
2023-02-11,Ferris State Bulldogs,Bemidji State Beavers,3,2,3,Final,RW,RL
2023-02-11,Michigan Tech Huskies,Bowling Green Falcons,2,5,3,Final,RL,RW
2023-02-11,Lindenwood Lions,Stonehill Stonehill,5,2,3,Final,RW,RL
2023-02-11,Notre Dame Fighting Irish,Ohio State Buckeyes,2,1,3,Final,RW,RL
2023-02-11,Dartmouth Big Green,Harvard Crimson,3,6,3,Final,RL,RW
2023-02-11,Wisconsin Badgers,Minnesota Golden Gophers,1,4,3,Final,RL,RW
2023-02-11,St. Thomas - Minnesota Tommies,Northern Michigan Wildcats,0,3,3,Final,RL,RW
2023-02-11,Omaha Mavericks,Colorado College Tigers,3,2,4,Final/OT,OW,OL
2023-02-11,Denver Pioneers,North Dakota Fighting Hawks,5,3,3,Final,RW,RL
2023-02-11,Long Island University Long Island University,Alaska Bulldogs,3,1,3,Final,RW,RL
2023-02-11,Army Black Knights,Holy Cross Crusaders,0,7,3,Final,RL,RW
2023-02-11,Mercyhurst Lakers,Canisius Golden Griffins,0,2,3,Final,RL,RW
2023-02-11,Union Dutchmen,Brown Bears,3,1,3,Final,RW,RL
2023-02-11,Lindenwood Lions,Stonehill Stonehill,10,3,3,Final,RW,RL
2023-02-11,New Hampshire Wildcats,UConn Huskies,3,2,4,Final/OT,OW,OL
2023-02-11,Michigan Tech Huskies,Bowling Green Falcons,4,2,3,Final,RW,RL
2023-02-11,Wisconsin Badgers,Minnesota Golden Gophers,3,1,3,Final,RW,RL
2023-02-11,Notre Dame Fighting Irish,Ohio State Buckeyes,2,2,4,Final/OT,T,T
2023-02-11,Ferris State Bulldogs,Bemidji State Beavers,2,6,3,Final,RL,RW
2023-02-12,Sacred Heart Pioneers,Air Force Falcons,5,3,3,Final,RW,RL
2023-02-12,Niagara Purple Eagles,Rochester Tigers,4,1,3,Final,RW,RL
2023-02-12,Rensselaer Engineers,Yale Bulldogs,4,2,3,Final,RW,RL
2023-02-12,Clarkson Golden Knights,Princeton Tigers,4,1,3,Final,RW,RL
2023-02-12,St. Lawrence Saints,Quinnipiac Bobcats,0,5,3,Final,RL,RW
2023-02-12,Massachusetts Minutemen,Vermont Catamounts,4,4,4,Final/OT,T,T
2023-02-12,St. Thomas - Minnesota Tommies,Northern Michigan Wildcats,4,2,3,Final,RW,RL
2023-02-12,Colgate Raiders,Cornell Big Red,4,4,4,Final/OT,T,T
2023-02-12,Denver Pioneers,North Dakota Fighting Hawks,5,2,3,Final,RW,RL
2023-02-12,Michigan Wolverines,Michigan State Spartans,4,3,4,Final/OT,OW,OL
2023-02-12,Omaha Mavericks,Colorado College Tigers,2,2,4,Final/OT,T,T
2023-02-12,UMass Lowell  River Hawks,Maine Black Bears,1,1,4,Final/OT,T,T
2023-02-13,Boston University Terriers,Boston College Eagles,2,4,3,Final,RL,RW
2023-02-14,Northeastern Huskies,Harvard Crimson,2,2,4,Final/OT,T,T
2023-02-14,Air Force Falcons,Canisius Golden Griffins,2,1,3,Final,RW,RL
2023-02-14,St. Anselm Hawks,Stonehill Stonehill,2,3,4,Final/OT,OL,OW
2023-02-15,Air Force Falcons,Canisius Golden Griffins,1,4,3,Final,RL,RW
2023-02-17,Holy Cross Crusaders,Niagara Purple Eagles,4,3,4,Final/OT,OW,OL
2023-02-17,Ohio State Buckeyes,Michigan Wolverines,3,3,4,Final/OT,T,T
2023-02-17,Penn State Nittany Lions,Minnesota Golden Gophers,2,7,3,Final,RL,RW
2023-02-18,Army Black Knights,Mercyhurst Lakers,3,2,4,Final/OT,OW,OL
2023-02-18,Holy Cross Crusaders,Niagara Purple Eagles,3,0,3,Final,RW,RL
2023-02-18,Dartmouth Big Green,Rensselaer Engineers,1,3,3,Final,RL,RW
2023-02-18,Cornell Big Red,Clarkson Golden Knights,3,4,3,Final,RL,RW
2023-02-18,Quinnipiac Bobcats,Yale Bulldogs,5,1,3,Final,RW,RL
2023-02-18,Colgate Raiders,St. Lawrence Saints,3,2,4,Final/OT,OW,OL
2023-02-18,Princeton Tigers,Brown Bears,3,2,3,Final,RW,RL
2023-02-18,Harvard Crimson,Union Dutchmen,5,3,3,Final,RW,RL
2023-02-18,Western Michigan Bulldogs,Colorado College Tigers,4,1,3,Final,RW,RL
2023-02-18,Merrimack Warriors,Boston University Terriers,4,1,3,Final,RW,RL
2023-02-18,New Hampshire Wildcats,Maine Black Bears,2,2,4,Final/OT,T,T
2023-02-18,Providence Friars,UMass Lowell  River Hawks,3,2,4,Final/OT,OW,OL
2023-02-18,Boston College Eagles,Massachusetts Minutemen,7,3,3,Final,RW,RL
2023-02-18,Rochester Tigers,Bentley Falcons,4,0,3,Final,RW,RL
2023-02-18,Miami (OH) RedHawks,Omaha Mavericks,1,3,3,Final,RL,RW
2023-02-18,Northern Michigan Wildcats,Ferris State Bulldogs,9,2,3,Final,RW,RL
2023-02-18,Lake Superior State Lakers,St. Thomas - Minnesota Tommies,2,1,3,Final,RW,RL
2023-02-18,Bemidji State Beavers,Minnesota State Mavericks,1,4,3,Final,RL,RW
2023-02-18,North Dakota Fighting Hawks,St. Cloud State Huskies,4,3,4,Final/OT,OW,OL
2023-02-18,Denver Pioneers,Minnesota Duluth Bulldogs,6,2,3,Final,RW,RL
2023-02-18,Wisconsin Badgers,Michigan State Spartans,2,6,3,Final,RL,RW
2023-02-18,Arizona State Sun Devils,Lindenwood Lions,8,2,3,Final,RW,RL
2023-02-18,Air Force Falcons,American International Yellow Jackets,2,3,3,Final,RL,RW
2023-02-18,Alaska Bulldogs,Long Island University Long Island University,3,2,3,Final,RW,RL
2023-02-18,Stonehill Stonehill,Framingham State Framingham State,6,2,3,Final,RW,RL
2023-02-18,Army Black Knights,Mercyhurst Lakers,3,7,3,Final,RL,RW
2023-02-18,Canisius Golden Griffins,Sacred Heart Pioneers,6,4,3,Final,RW,RL
2023-02-18,Ohio State Buckeyes,Michigan Wolverines,4,2,3,Final,RW,RL
2023-02-18,Dartmouth Big Green,Union Dutchmen,1,0,3,Final,RW,RL
2023-02-18,Rochester Tigers,Bentley Falcons,1,2,3,Final,RL,RW
2023-02-18,Miami (OH) RedHawks,Omaha Mavericks,2,3,4,Final/OT,OL,OW
2023-02-18,Western Michigan Bulldogs,Colorado College Tigers,2,1,3,Final,RW,RL
2023-02-18,Boston University Terriers,Merrimack Warriors,3,4,4,Final/OT,OL,OW
2023-02-18,UMass Lowell  River Hawks,Providence Friars,2,1,3,Final,RW,RL
2023-02-18,Northern Michigan Wildcats,Ferris State Bulldogs,8,3,3,Final,RW,RL
2023-02-18,Lake Superior State Lakers,St. Thomas - Minnesota Tommies,1,2,3,Final,RL,RW
2023-02-18,Penn State Nittany Lions,Minnesota Golden Gophers,2,3,4,Final/OT,OL,OW
2023-02-19,Colgate Raiders,Clarkson Golden Knights,3,3,4,Final/OT,T,T
2023-02-19,Quinnipiac Bobcats,Brown Bears,5,2,3,Final,RW,RL
2023-02-19,Cornell Big Red,St. Lawrence Saints,0,1,3,Final,RL,RW
2023-02-19,Princeton Tigers,Yale Bulldogs,0,4,3,Final,RL,RW
2023-02-19,Harvard Crimson,Rensselaer Engineers,4,0,3,Final,RW,RL
2023-02-19,North Dakota Fighting Hawks,St. Cloud State Huskies,2,2,4,Final/OT,T,T
2023-02-19,Massachusetts Minutemen,Boston College Eagles,1,3,3,Final,RL,RW
2023-02-19,New Hampshire Wildcats,Maine Black Bears,0,0,4,Final/OT,T,T
2023-02-19,Vermont Catamounts,Northeastern Huskies,0,3,3,Final,RL,RW
2023-02-19,Air Force Falcons,American International Yellow Jackets,3,4,3,Final,RL,RW
2023-02-19,Bemidji State Beavers,Minnesota State Mavericks,2,1,4,Final/OT,OW,OL
2023-02-19,Denver Pioneers,Minnesota Duluth Bulldogs,5,6,3,Final,RL,RW
2023-02-19,Wisconsin Badgers,Michigan State Spartans,6,2,3,Final,RW,RL
2023-02-19,Arizona State Sun Devils,Lindenwood Lions,5,3,3,Final,RW,RL
2023-02-19,Alaska Bulldogs,Long Island University Long Island University,6,3,3,Final,RW,RL
2023-02-19,Canisius Golden Griffins,Sacred Heart Pioneers,2,3,4,Final/OT,OL,OW
2023-02-24,UConn Huskies,Alaska Anchorage Seawolves,4,3,4,Final/OT,OW,OL
2023-02-25,Holy Cross Crusaders,Canisius Golden Griffins,0,3,3,Final,RL,RW
2023-02-25,Brown Bears,Cornell Big Red,0,5,3,Final,RL,RW
2023-02-25,Rensselaer Engineers,Princeton Tigers,6,4,3,Final,RW,RL
2023-02-25,St. Lawrence Saints,Harvard Crimson,2,6,3,Final,RL,RW
2023-02-25,Yale Bulldogs,Colgate Raiders,4,2,3,Final,RW,RL
2023-02-25,Union Dutchmen,Quinnipiac Bobcats,1,4,3,Final,RL,RW
2023-02-25,Western Michigan Bulldogs,Denver Pioneers,2,5,3,Final,RL,RW
2023-02-25,Michigan Wolverines,Notre Dame Fighting Irish,3,3,4,Final/OT,T,T
2023-02-25,Penn State Nittany Lions,Wisconsin Badgers,6,1,3,Final,RW,RL
2023-02-25,Maine Black Bears,Boston College Eagles,6,3,3,Final,RW,RL
2023-02-25,Vermont Catamounts,Boston University Terriers,3,5,3,Final,RL,RW
2023-02-25,Massachusetts Minutemen,Northeastern Huskies,3,2,3,Final,RW,RL
2023-02-25,Rochester Tigers,Air Force Falcons,3,1,3,Final,RW,RL
2023-02-25,Bentley Falcons,Army Black Knights,3,5,3,Final,RL,RW
2023-02-25,Mercyhurst Lakers,Niagara Purple Eagles,3,2,4,Final/OT,OW,OL
2023-02-25,American International Yellow Jackets,Sacred Heart Pioneers,2,2,4,Final/OT,T,T
2023-02-25,Bowling Green Falcons,Northern Michigan Wildcats,2,4,3,Final,RL,RW
2023-02-25,Ferris State Bulldogs,Lake Superior State Lakers,2,3,4,Final/OT,OL,OW
2023-02-25,UMass Lowell  River Hawks,Merrimack Warriors,3,5,3,Final,RL,RW
2023-02-25,Clarkson Golden Knights,Dartmouth Big Green,4,0,3,Final,RW,RL
2023-02-25,Minnesota Duluth Bulldogs,Miami (OH) RedHawks,3,2,3,Final,RW,RL
2023-02-25,Minnesota State Mavericks,Michigan Tech Huskies,0,2,3,Final,RL,RW
2023-02-25,St. Thomas - Minnesota Tommies,Bemidji State Beavers,3,1,3,Final,RW,RL
2023-02-25,Omaha Mavericks,St. Cloud State Huskies,2,6,3,Final,RL,RW
2023-02-25,Minnesota Golden Gophers,Ohio State Buckeyes,4,0,3,Final,RW,RL
2023-02-25,Arizona State Sun Devils,Alaska Bulldogs,2,4,3,Final,RL,RW
2023-02-25,Colorado College Tigers,North Dakota Fighting Hawks,1,2,4,Final/OT,OL,OW
2023-02-25,Long Island University Long Island University,Alaska Anchorage Seawolves,0,4,3,Final,RL,RW
2023-02-25,UConn Huskies,New Hampshire Wildcats,6,1,3,Final,RW,RL
2023-02-25,Bentley Falcons,Army Black Knights,5,4,4,Final/OT,OW,OL
2023-02-25,Penn State Nittany Lions,Wisconsin Badgers,1,2,3,Final,RL,RW
2023-02-25,Rochester Tigers,Air Force Falcons,5,2,3,Final,RW,RL
2023-02-25,Ferris State Bulldogs,Lake Superior State Lakers,2,4,3,Final,RL,RW
2023-02-25,Minnesota Golden Gophers,Ohio State Buckeyes,5,2,3,Final,RW,RL
2023-02-25,Western Michigan Bulldogs,Denver Pioneers,1,3,3,Final,RL,RW
2023-02-26,Holy Cross Crusaders,Canisius Golden Griffins,3,6,3,Final,RL,RW
2023-02-26,Sacred Heart Pioneers,American International Yellow Jackets,0,5,3,Final,RL,RW
2023-02-26,Niagara Purple Eagles,Mercyhurst Lakers,5,3,3,Final,RW,RL
2023-02-26,Rensselaer Engineers,Quinnipiac Bobcats,1,4,3,Final,RL,RW
2023-02-26,Union Dutchmen,Princeton Tigers,3,1,3,Final,RW,RL
2023-02-26,Brown Bears,Colgate Raiders,2,2,4,Final/OT,T,T
2023-02-26,St. Lawrence Saints,Dartmouth Big Green,2,0,3,Final,RW,RL
2023-02-26,Clarkson Golden Knights,Harvard Crimson,2,3,3,Final,RL,RW
2023-02-26,Yale Bulldogs,Cornell Big Red,1,5,3,Final,RL,RW
2023-02-26,Merrimack Warriors,UMass Lowell  River Hawks,2,0,3,Final,RW,RL
2023-02-26,Maine Black Bears,Boston College Eagles,2,1,3,Final,RW,RL
2023-02-26,Arizona State Sun Devils,Alaska Bulldogs,2,4,3,Final,RL,RW
2023-02-26,Bowling Green Falcons,Northern Michigan Wildcats,2,4,3,Final,RL,RW
2023-02-26,Minnesota State Mavericks,Michigan Tech Huskies,3,2,3,Final,RW,RL
2023-02-26,St. Thomas - Minnesota Tommies,Bemidji State Beavers,2,7,3,Final,RL,RW
2023-02-26,Vermont Catamounts,Boston University Terriers,0,3,3,Final,RL,RW
2023-02-26,Northeastern Huskies,Massachusetts Minutemen,4,0,3,Final,RW,RL
2023-02-26,Colorado College Tigers,North Dakota Fighting Hawks,0,0,4,Final/OT,T,T
2023-02-26,Michigan Wolverines,Notre Dame Fighting Irish,1,2,4,Final/OT,OL,OW
2023-02-26,Omaha Mavericks,St. Cloud State Huskies,6,2,3,Final,RW,RL
2023-02-26,Minnesota Duluth Bulldogs,Miami (OH) RedHawks,1,4,3,Final,RL,RW
2023-02-27,Long Island University Long Island University,Alaska Anchorage Seawolves,6,2,3,Final,RW,RL
2023-02-28,Long Island University Long Island University,Alaska Anchorage Seawolves,3,5,3,Final,RL,RW
2023-03-03,New Hampshire Wildcats,Vermont Catamounts,2,3,3,Final,RL,RW
2023-03-03,Ohio State Buckeyes,Penn State Nittany Lions,5,1,3,Final,RW,RL
2023-03-03,American International Yellow Jackets,Holy Cross Crusaders,3,1,3,Final,RW,RL
2023-03-04,Boston College Eagles,UConn Huskies,5,3,3,Final,RW,RL
2023-03-04,Boston University Terriers,Providence Friars,6,4,3,Final,RW,RL
2023-03-04,Michigan Wolverines,Wisconsin Badgers,6,5,4,Final/OT,OW,OL
2023-03-04,Notre Dame Fighting Irish,Michigan State Spartans,1,0,3,Final,RW,RL
2023-03-04,Sacred Heart Pioneers,Niagara Purple Eagles,3,1,3,Final,RW,RL
2023-03-04,Canisius Golden Griffins,Army Black Knights,5,2,3,Final,RW,RL
2023-03-04,Colgate Raiders,Dartmouth Big Green,5,3,3,Final,RW,RL
2023-03-04,Miami (OH) RedHawks,Western Michigan Bulldogs,0,5,3,Final,RL,RW
2023-03-04,Maine Black Bears,Massachusetts Minutemen,2,5,3,Final,RL,RW
2023-03-04,Rochester Tigers,Mercyhurst Lakers,5,3,3,Final,RW,RL
2023-03-04,Michigan Tech Huskies,St. Thomas - Minnesota Tommies,1,0,3,Final,RW,RL
2023-03-04,Bowling Green Falcons,Ferris State Bulldogs,3,4,4,Final/OT,OL,OW
2023-03-04,Northern Michigan Wildcats,Bemidji State Beavers,7,3,3,Final,RW,RL
2023-03-04,UMass Lowell  River Hawks,Northeastern Huskies,3,1,3,Final,RW,RL
2023-03-04,North Dakota Fighting Hawks,Omaha Mavericks,5,4,4,Final/OT,OW,OL
2023-03-04,Minnesota State Mavericks,Lake Superior State Lakers,6,1,3,Final,RW,RL
2023-03-04,St. Cloud State Huskies,Minnesota Duluth Bulldogs,3,4,3,Final,RL,RW
2023-03-04,Denver Pioneers,Colorado College Tigers,2,1,3,Final,RW,RL
2023-03-04,Alaska Anchorage Seawolves,Arizona State Sun Devils,0,5,3,Final,RL,RW
2023-03-04,Alaska Bulldogs,Lindenwood Lions,4,1,3,Final,RW,RL
2023-03-04,American International Yellow Jackets,Holy Cross Crusaders,3,4,3,Final,RL,RW
2023-03-04,Clarkson Golden Knights,Brown Bears,5,1,3,Final,RW,RL
2023-03-04,Union Dutchmen,Princeton Tigers,4,6,3,Final,RL,RW
2023-03-04,UConn Huskies,Boston College Eagles,6,5,3,Final,RW,RL
2023-03-04,Notre Dame Fighting Irish,Michigan State Spartans,2,4,3,Final,RL,RW
2023-03-04,Ohio State Buckeyes,Penn State Nittany Lions,1,2,4,Final/OT,OL,OW
2023-03-04,Miami (OH) RedHawks,Western Michigan Bulldogs,4,5,4,Final/OT,OL,OW
2023-03-04,Michigan Tech Huskies,St. Thomas - Minnesota Tommies,5,4,3,Final,RW,RL
2023-03-04,Northern Michigan Wildcats,Bemidji State Beavers,2,1,4,Final/OT,OW,OL
2023-03-05,St. Cloud State Huskies,Minnesota Duluth Bulldogs,4,3,4,Final/OT,OW,OL
2023-03-05,Maine Black Bears,Massachusetts Minutemen,3,4,3,Final,RL,RW
2023-03-05,Providence Friars,Boston University Terriers,0,2,3,Final,RL,RW
2023-03-05,Northeastern Huskies,UMass Lowell  River Hawks,7,3,3,Final,RW,RL
2023-03-05,Merrimack Warriors,Vermont Catamounts,4,1,3,Final,RW,RL
2023-03-05,Michigan Wolverines,Wisconsin Badgers,7,4,3,Final,RW,RL
2023-03-05,Sacred Heart Pioneers,Niagara Purple Eagles,1,4,3,Final,RL,RW
2023-03-05,Rensselaer Engineers,Yale Bulldogs,1,4,3,Final,RL,RW
2023-03-05,Rochester Tigers,Mercyhurst Lakers,4,3,4,Final/OT,OW,OL
2023-03-05,North Dakota Fighting Hawks,Omaha Mavericks,2,1,3,Final,RW,RL
2023-03-05,Minnesota State Mavericks,Lake Superior State Lakers,2,1,3,Final,RW,RL
2023-03-05,Bowling Green Falcons,Ferris State Bulldogs,1,2,4,Final/OT,OL,OW
2023-03-05,Canisius Golden Griffins,Army Black Knights,0,1,4,Final/OT,OL,OW
2023-03-05,Colorado College Tigers,Denver Pioneers,2,4,3,Final,RL,RW
2023-03-05,Alaska Anchorage Seawolves,Arizona State Sun Devils,4,3,3,Final,RW,RL
2023-03-05,Alaska Bulldogs,Lindenwood Lions,8,0,3,Final,RW,RL
2023-03-05,Ohio State Buckeyes,Penn State Nittany Lions,3,1,3,Final,RW,RL
2023-03-05,Canisius Golden Griffins,Army Black Knights,3,0,3,Final,RW,RL
2023-03-05,American International Yellow Jackets,Holy Cross Crusaders,3,4,4,Final/OT,OL,OW
2023-03-05,Notre Dame Fighting Irish,Michigan State Spartans,2,4,3,Final,RL,RW
2023-03-06,Sacred Heart Pioneers,Niagara Purple Eagles,0,0,0,Final,OW,OL
2023-03-08,Boston College Eagles,Massachusetts Minutemen,5,2,3,Final,RW,RL
2023-03-08,Maine Black Bears,Vermont Catamounts,2,4,3,Final,RL,RW
2023-03-08,Providence Friars,New Hampshire Wildcats,2,1,4,Final/OT,OW,OL
2023-03-10,Canisius Golden Griffins,Niagara Purple Eagles,1,2,3,Final,RL,RW
2023-03-11,Quinnipiac Bobcats,Yale Bulldogs,3,0,3,Final,RW,RL
2023-03-11,Harvard Crimson,Princeton Tigers,6,1,3,Final,RW,RL
2023-03-11,Cornell Big Red,Clarkson Golden Knights,2,1,3,Final,RW,RL
2023-03-11,St. Lawrence Saints,Colgate Raiders,3,4,4,Final/OT,OL,OW
2023-03-11,Western Michigan Bulldogs,Colorado College Tigers,1,3,3,Final,RL,RW
2023-03-11,Rochester Tigers,Holy Cross Crusaders,0,1,4,Final/OT,OL,OW
2023-03-11,Omaha Mavericks,North Dakota Fighting Hawks,2,1,3,Final,RW,RL
2023-03-11,St. Cloud State Huskies,Minnesota Duluth Bulldogs,3,1,3,Final,RW,RL
2023-03-11,Arizona State Sun Devils,Long Island University Long Island University,6,3,3,Final,RW,RL
2023-03-11,Denver Pioneers,Miami (OH) RedHawks,6,2,3,Final,RW,RL
2023-03-11,Alaska Anchorage Seawolves,Lindenwood Lions,7,7,3,Final,RL,RW
2023-03-11,UConn Huskies,UMass Lowell  River Hawks,1,2,3,Final,RL,RW
2023-03-11,Boston University Terriers,Vermont Catamounts,7,3,3,Final,RW,RL
2023-03-11,Western Michigan Bulldogs,Colorado College Tigers,2,3,4,Final/OT,OL,OW
2023-03-11,Michigan Tech Huskies,Northern Michigan Wildcats,0,4,3,Final,RL,RW
2023-03-11,Michigan Wolverines,Ohio State Buckeyes,7,3,3,Final,RW,RL
2023-03-12,Quinnipiac Bobcats,Yale Bulldogs,6,2,3,Final,RW,RL
2023-03-12,Harvard Crimson,Princeton Tigers,6,1,3,Final,RW,RL
2023-03-12,Cornell Big Red,Clarkson Golden Knights,3,1,3,Final,RW,RL
2023-03-12,St. Lawrence Saints,Colgate Raiders,2,3,3,Final,RL,RW
2023-03-12,St. Cloud State Huskies,Minnesota Duluth Bulldogs,1,5,3,Final,RL,RW
2023-03-12,Northeastern Huskies,Providence Friars,1,2,4,Final/OT,OL,OW
2023-03-12,Rochester Tigers,Holy Cross Crusaders,4,3,4,Final/OT,OW,OL
2023-03-12,Minnesota State Mavericks,Ferris State Bulldogs,7,2,3,Final,RW,RL
2023-03-12,Canisius Golden Griffins,Niagara Purple Eagles,5,1,3,Final,RW,RL
2023-03-12,Merrimack Warriors,Boston College Eagles,1,0,4,Final/OT,OW,OL
2023-03-12,Denver Pioneers,Miami (OH) RedHawks,7,2,3,Final,RW,RL
2023-03-12,Omaha Mavericks,North Dakota Fighting Hawks,1,3,3,Final,RL,RW
2023-03-12,Arizona State Sun Devils,Long Island University Long Island University,2,1,4,Final/OT,OW,OL
2023-03-12,Minnesota Golden Gophers,Michigan State Spartans,5,1,3,Final,RW,RL
2023-03-12,Alaska Anchorage Seawolves,Lindenwood Lions,4,3,4,Final/OT,OW,OL
2023-03-12,Rochester Tigers,Holy Cross Crusaders,1,5,3,Final,RL,RW
2023-03-12,St. Cloud State Huskies,Minnesota Duluth Bulldogs,3,1,3,Final,RW,RL
2023-03-12,Canisius Golden Griffins,Niagara Purple Eagles,4,2,3,Final,RW,RL
2023-03-12,Omaha Mavericks,North Dakota Fighting Hawks,2,5,3,Final,RL,RW
2023-03-17,Boston University Terriers,Providence Friars,2,1,4,Final/OT,OW,OL
2023-03-17,Quinnipiac Bobcats,Colgate Raiders,1,2,4,Final/OT,OL,OW
2023-03-17,Denver Pioneers,Colorado College Tigers,0,1,3,Final,RL,RW
2023-03-17,Merrimack Warriors,UMass Lowell  River Hawks,2,1,4,Final/OT,OW,OL
2023-03-17,Cornell Big Red,Harvard Crimson,0,1,4,Final/OT,OL,OW
2023-03-18,North Dakota Fighting Hawks,St. Cloud State Huskies,2,3,4,Final/OT,OL,OW
2023-03-18,Canisius Golden Griffins,Holy Cross Crusaders,3,0,3,Final,RW,RL
2023-03-18,Boston University Terriers,Merrimack Warriors,3,2,4,Final/OT,OW,OL
2023-03-18,Minnesota State Mavericks,Northern Michigan Wildcats,3,2,4,Final/OT,OW,OL
2023-03-18,Harvard Crimson,Colgate Raiders,2,3,3,Final,RL,RW
2023-03-19,Minnesota Golden Gophers,Michigan Wolverines,3,4,3,Final,RL,RW
2023-03-19,St. Cloud State Huskies,Colorado College Tigers,3,0,3,Final,RW,RL
2023-03-23,Boston University Terriers,Western Michigan Bulldogs,5,1,3,Final,RW,RL
2023-03-23,St. Cloud State Huskies,Minnesota State Mavericks,4,0,3,Final,RW,RL
2023-03-23,Denver Pioneers,Cornell Big Red,0,2,3,Final,RL,RW
2023-03-24,Minnesota Golden Gophers,Canisius Golden Griffins,9,2,3,Final,RW,RL
2023-03-24,Harvard Crimson,Ohio State Buckeyes,1,8,3,Final,RL,RW
2023-03-24,Penn State Nittany Lions,Michigan Tech Huskies,8,0,3,Final,RW,RL
2023-03-24,Quinnipiac Bobcats,Merrimack Warriors,5,0,3,Final,RW,RL
2023-03-25,Michigan Wolverines,Colgate Raiders,11,1,3,Final,RW,RL
2023-03-25,Boston University Terriers,Cornell Big Red,2,1,3,Final,RW,RL
2023-03-25,Minnesota Golden Gophers,St. Cloud State Huskies,4,1,3,Final,RW,RL
2023-03-26,Quinnipiac Bobcats,Ohio State Buckeyes,4,1,3,Final,RW,RL
2023-03-26,Michigan Wolverines,Penn State Nittany Lions,2,1,4,Final/OT,OW,OL
2023-04-06,Minnesota Golden Gophers,Boston University Terriers,6,2,3,Final,RW,RL
2023-04-07,Quinnipiac Bobcats,Michigan Wolverines,5,2,3,Final,RW,RL
2023-04-09,Minnesota Golden Gophers,Quinnipiac Bobcats,2,3,4,Final/OT,OL,OW
